date,day_of_week,students,meals_prepared,meals_sold,previous_waste_kg,rain,holiday,exam_day,special_event,temperature,food_waste_kg
2021-01-01,Friday,252,70,51,3.57,1,1,0,0,28.3,5.82
2021-01-02,Saturday,585,582,554,6.04,0,0,1,0,32.9,3.4
2021-01-03,Sunday,420,404,377,4.61,0,0,0,0,27.8,2.49
2021-01-04,Monday,256,263,240,4.95,0,0,0,0,20.1,4.96
2021-01-05,Tuesday,221,203,180,4.07,1,0,0,0,28.0,5.35
2021-01-06,Wednesday,170,55,46,6.34,0,1,0,0,32.7,3.87
2021-01-07,Thursday,764,712,663,4.31,0,0,0,0,35.8,2.48
2021-01-08,Friday,271,256,248,4.16,0,0,0,0,30.4,2.73
2021-01-09,Saturday,616,614,579,4.87,0,0,0,0,21.6,3.36
2021-01-10,Sunday,364,349,300,6.52,0,0,0,0,27.0,3.26
2021-01-11,Monday,480,467,391,7.28,0,0,0,0,31.4,6.96
2021-01-12,Tuesday,608,616,564,5.28,0,0,0,0,33.3,2.59
2021-01-13,Wednesday,237,243,221,4.39,0,0,0,0,31.5,0.5
2021-01-14,Thursday,522,504,456,6.05,0,0,0,0,27.7,1.15
2021-01-15,Friday,249,78,69,4.14,1,1,0,0,33.3,3.55
2021-01-16,Saturday,280,234,230,5.35,1,0,0,0,25.8,5.12
2021-01-17,Sunday,458,516,459,5.98,1,0,0,0,29.9,7.04
2021-01-18,Monday,493,523,469,3.49,1,0,0,1,32.7,5.33
2021-01-19,Tuesday,641,195,189,3.13,0,1,1,0,31.9,4.08
2021-01-20,Wednesday,563,528,498,3.35,0,0,1,0,32.0,3.16
2021-01-21,Thursday,535,577,518,4.89,0,0,0,0,31.9,7.29
2021-01-22,Friday,341,379,331,4.56,1,0,1,0,23.8,7.35
2021-01-23,Saturday,426,457,407,3.63,1,0,0,0,29.1,5.19
2021-01-24,Sunday,310,352,309,1.0,0,0,0,1,24.5,2.93
2021-01-25,Monday,609,597,544,8.07,0,0,0,0,27.6,3.88
2021-01-26,Tuesday,463,512,455,4.76,0,0,0,0,23.2,5.55
2021-01-27,Wednesday,171,176,171,1.0,1,0,0,1,30.7,0.5
2021-01-28,Thursday,402,493,428,6.4,0,0,0,1,19.2,5.34
2021-01-29,Friday,710,646,593,6.52,0,0,0,0,32.1,5.62
2021-01-30,Saturday,624,632,561,6.08,0,0,0,0,29.1,6.71
2021-01-31,Sunday,208,215,195,1.28,0,0,0,0,38.5,2.48
2021-02-01,Monday,660,746,653,5.07,1,0,1,0,28.0,8.9
2021-02-02,Tuesday,625,680,596,11.23,0,0,0,0,28.0,7.98
2021-02-03,Wednesday,339,342,306,1.94,1,0,0,0,32.4,5.84
2021-02-04,Thursday,712,713,621,4.63,0,0,0,0,28.3,8.39
2021-02-05,Friday,716,750,684,5.57,1,0,0,0,30.4,5.51
2021-02-06,Saturday,393,409,352,7.11,1,0,0,0,34.0,8.22
2021-02-07,Sunday,654,698,616,10.0,0,0,0,0,27.7,7.33
2021-02-08,Monday,280,280,259,3.27,0,0,0,0,35.0,4.81
2021-02-09,Tuesday,634,630,556,6.16,1,0,0,0,20.6,7.91
2021-02-10,Wednesday,796,708,645,3.65,0,0,0,0,37.0,4.02
2021-02-11,Thursday,170,56,40,5.34,1,1,0,0,20.1,5.58
2021-02-12,Friday,316,323,281,4.68,1,0,0,0,35.8,8.22
2021-02-13,Saturday,423,372,361,3.04,1,0,0,0,19.7,0.5
2021-02-14,Sunday,537,500,446,6.25,0,0,0,0,38.9,6.63
2021-02-15,Monday,750,702,641,6.4,0,0,0,0,29.8,6.4
2021-02-16,Tuesday,465,534,467,5.93,0,0,1,0,24.3,5.97
2021-02-17,Wednesday,163,187,158,6.47,0,0,1,0,38.3,6.41
2021-02-18,Thursday,391,390,351,1.76,1,0,1,0,23.6,1.69
2021-02-19,Friday,495,474,429,5.36,1,0,0,0,27.9,7.49
2021-02-20,Saturday,714,682,611,7.14,0,0,0,0,42.0,8.74
2021-02-21,Sunday,489,468,446,2.97,1,0,0,0,31.0,5.12
2021-02-22,Monday,241,251,232,4.65,0,0,0,1,18.9,4.04
2021-02-23,Tuesday,516,506,469,5.73,0,0,0,0,27.6,3.97
2021-02-24,Wednesday,604,608,575,6.31,1,0,0,0,27.2,4.86
2021-02-25,Thursday,577,553,530,3.56,1,0,1,0,29.9,3.22
2021-02-26,Friday,658,621,584,4.14,0,0,0,0,28.8,4.08
2021-02-27,Saturday,184,199,179,4.57,1,0,1,1,31.7,3.56
2021-02-28,Sunday,355,363,327,4.12,0,0,0,0,21.4,2.74
2021-03-01,Monday,230,215,202,1.0,0,0,0,0,26.3,0.5
2021-03-02,Tuesday,711,683,638,6.53,0,0,0,0,30.6,4.17
2021-03-03,Wednesday,537,569,507,2.61,1,0,0,0,25.2,6.71
2021-03-04,Thursday,151,68,65,3.39,0,1,0,0,34.5,1.88
2021-03-05,Friday,539,565,527,9.16,0,0,0,0,25.3,6.53
2021-03-06,Saturday,715,209,184,4.83,0,1,0,0,29.7,1.73
2021-03-07,Sunday,255,256,232,2.57,1,0,0,0,28.5,4.57
2021-03-08,Monday,626,667,613,4.66,0,0,1,1,23.9,3.32
2021-03-09,Tuesday,551,683,610,7.18,0,0,1,1,29.3,8.87
2021-03-10,Wednesday,705,789,705,7.08,0,0,1,0,22.4,8.15
2021-03-11,Thursday,311,325,309,4.74,0,0,0,0,26.8,0.5
2021-03-12,Friday,351,393,346,7.7,1,0,0,0,29.2,5.64
2021-03-13,Saturday,419,439,387,7.73,0,0,0,0,21.9,3.89
2021-03-14,Sunday,420,438,390,3.06,1,0,0,0,32.1,7.74
2021-03-15,Monday,605,199,189,3.08,0,1,0,0,30.3,1.53
2021-03-16,Tuesday,611,654,569,8.06,1,0,0,0,31.7,10.92
2021-03-17,Wednesday,401,403,357,7.76,0,0,0,0,29.0,3.99
2021-03-18,Thursday,445,425,396,4.74,0,0,0,0,23.2,4.78
2021-03-19,Friday,487,547,502,3.74,0,0,0,1,29.0,6.05
2021-03-20,Saturday,202,237,217,4.38,1,0,0,1,32.1,6.42
2021-03-21,Sunday,366,425,365,9.07,1,0,0,0,23.0,7.17
2021-03-22,Monday,337,360,326,3.92,0,0,0,0,23.4,2.82
2021-03-23,Tuesday,529,591,552,3.38,1,0,0,1,27.8,4.47
2021-03-24,Wednesday,642,751,660,7.45,0,0,0,1,27.1,7.1
2021-03-25,Thursday,190,213,189,2.65,0,0,0,0,28.9,1.47
2021-03-26,Friday,306,71,75,3.77,0,1,0,0,27.5,3.06
2021-03-27,Saturday,164,177,156,2.5,0,0,0,0,29.8,1.12
2021-03-28,Sunday,214,203,191,5.49,1,0,0,0,35.1,3.39
2021-03-29,Monday,670,712,625,8.18,0,0,0,0,31.7,8.72
2021-03-30,Tuesday,493,473,429,6.17,0,0,0,0,29.3,5.68
2021-03-31,Wednesday,278,309,276,5.56,0,0,1,1,23.5,2.13
2021-04-01,Thursday,797,695,622,8.05,0,0,0,0,25.4,7.19
2021-04-02,Friday,621,666,578,6.78,0,0,0,0,33.2,6.44
2021-04-03,Saturday,212,205,189,1.62,0,0,0,0,26.7,2.61
2021-04-04,Sunday,288,294,262,3.4,0,0,0,0,24.2,2.63
2021-04-05,Monday,648,583,555,5.71,0,0,0,0,39.5,2.63
2021-04-06,Tuesday,742,695,661,1.19,0,0,0,0,36.6,3.14
2021-04-07,Wednesday,541,493,439,1.87,0,0,0,0,28.4,5.16
2021-04-08,Thursday,568,504,482,4.11,0,0,0,0,23.6,0.5
2021-04-09,Friday,438,432,376,7.1,0,0,0,0,32.6,4.77
2021-04-10,Saturday,528,529,480,6.96,0,0,0,0,26.5,6.61
2021-04-11,Sunday,639,725,618,6.67,0,0,1,0,33.4,7.89
2021-04-12,Monday,380,350,330,1.48,0,0,0,0,26.6,0.71
2021-04-13,Tuesday,190,188,182,1.59,0,0,1,0,37.2,2.55
2021-04-14,Wednesday,177,149,149,1.79,0,0,0,0,26.4,0.5
2021-04-15,Thursday,284,295,250,4.37,0,0,1,0,40.8,3.86
2021-04-16,Friday,350,352,324,4.26,0,0,1,0,30.0,3.45
2021-04-17,Saturday,182,153,153,5.03,1,0,0,0,35.9,0.5
2021-04-18,Sunday,197,193,163,4.04,0,0,0,0,26.3,0.5
2021-04-19,Monday,652,632,554,8.48,0,0,0,0,22.4,6.94
2021-04-20,Tuesday,556,560,500,6.98,1,0,0,0,17.5,7.21
2021-04-21,Wednesday,723,707,667,3.42,0,0,0,0,35.4,3.11
2021-04-22,Thursday,248,255,234,4.81,1,0,0,0,29.3,2.72
2021-04-23,Friday,696,727,651,7.71,0,0,0,0,22.8,5.73
2021-04-24,Saturday,762,717,653,6.02,1,0,0,0,35.6,9.48
2021-04-25,Sunday,611,666,636,4.46,0,0,1,0,34.8,3.28
2021-04-26,Monday,792,702,664,4.49,0,0,0,0,35.9,5.15
2021-04-27,Tuesday,154,149,132,1.47,1,0,0,0,22.3,2.82
2021-04-28,Wednesday,367,318,299,7.8,0,0,0,0,35.2,2.71
2021-04-29,Thursday,652,740,654,9.13,0,0,1,0,30.9,7.87
2021-04-30,Friday,547,531,477,6.42,1,0,0,0,36.1,7.15
2021-05-01,Saturday,542,507,454,4.69,0,0,0,0,31.7,3.08
2021-05-02,Sunday,356,397,345,5.19,0,0,0,0,29.9,5.21
2021-05-03,Monday,164,169,135,2.26,0,0,0,0,35.3,1.9
2021-05-04,Tuesday,703,709,658,6.15,0,0,0,0,33.3,7.41
2021-05-05,Wednesday,610,197,187,3.66,1,1,1,0,34.4,1.27
2021-05-06,Thursday,724,658,623,4.05,1,0,0,0,26.6,5.39
2021-05-07,Friday,390,368,328,4.75,0,0,0,0,28.1,2.26
2021-05-08,Saturday,713,677,609,5.7,0,0,1,0,20.3,4.58
2021-05-09,Sunday,245,276,249,3.1,0,0,0,0,26.2,1.93
2021-05-10,Monday,634,605,554,3.91,0,0,0,0,33.0,6.14
2021-05-11,Tuesday,556,540,517,1.93,1,0,1,0,31.8,2.68
2021-05-12,Wednesday,380,408,364,3.66,0,0,0,0,24.1,1.73
2021-05-13,Thursday,320,264,255,1.87,0,0,0,0,35.4,0.5
2021-05-14,Friday,690,763,646,10.9,1,0,0,0,42.0,10.52
2021-05-15,Saturday,185,198,181,2.32,1,0,0,0,24.5,0.57
2021-05-16,Sunday,674,603,577,1.0,0,0,0,0,28.0,3.29
2021-05-17,Monday,309,295,280,3.85,0,0,0,0,25.9,0.5
2021-05-18,Tuesday,392,407,379,5.16,0,0,0,0,28.5,2.34
2021-05-19,Wednesday,235,267,223,6.66,1,0,1,0,30.4,7.26
2021-05-20,Thursday,727,658,612,5.33,0,0,0,0,25.5,3.25
2021-05-21,Friday,706,675,630,2.92,0,0,1,0,27.6,1.14
2021-05-22,Saturday,723,828,728,6.56,0,0,1,0,29.4,7.87
2021-05-23,Sunday,795,787,750,5.62,0,0,0,0,31.4,2.63
2021-05-24,Monday,177,183,163,6.23,0,0,0,0,36.3,4.27
2021-05-25,Tuesday,769,767,717,3.19,1,0,0,1,28.9,6.9
2021-05-26,Wednesday,705,815,737,7.17,1,0,0,1,26.2,9.56
2021-05-27,Thursday,489,519,494,2.88,1,0,1,0,32.5,3.54
2021-05-28,Friday,480,425,392,2.83,0,0,0,0,31.0,2.63
2021-05-29,Saturday,789,772,669,8.23,1,0,0,0,28.0,9.24
2021-05-30,Sunday,655,683,619,5.78,1,0,0,0,31.4,4.9
2021-05-31,Monday,497,527,463,2.38,0,0,0,0,27.1,5.56
2021-06-01,Tuesday,622,616,578,4.95,0,0,0,0,26.3,2.81
2021-06-02,Wednesday,380,417,377,5.29,0,0,0,0,19.5,3.57
2021-06-03,Thursday,339,116,121,3.57,1,1,0,0,27.4,2.93
2021-06-04,Friday,374,363,333,3.12,0,0,0,0,20.2,2.26
2021-06-05,Saturday,534,550,506,2.06,1,0,0,0,25.8,5.81
2021-06-06,Sunday,526,531,494,3.78,0,0,0,0,31.9,1.85
2021-06-07,Monday,432,135,124,4.38,1,1,0,0,21.5,3.52
2021-06-08,Tuesday,782,760,706,5.33,0,0,1,0,28.1,4.15
2021-06-09,Wednesday,777,783,714,7.82,1,0,0,0,29.3,9.53
2021-06-10,Thursday,408,423,376,2.74,0,0,0,0,27.8,4.16
2021-06-11,Friday,508,138,145,3.58,1,1,0,1,26.6,2.79
2021-06-12,Saturday,605,663,595,6.69,0,0,0,1,30.6,7.17
2021-06-13,Sunday,560,616,560,4.94,0,0,1,0,31.3,3.78
2021-06-14,Monday,798,786,710,8.61,0,0,0,0,29.0,7.25
2021-06-15,Tuesday,467,488,437,5.74,0,0,0,0,26.9,4.85
2021-06-16,Wednesday,374,387,367,1.83,0,0,0,0,33.3,3.56
2021-06-17,Thursday,383,399,379,5.37,0,0,0,1,22.4,1.72
2021-06-18,Friday,523,552,499,4.98,1,0,0,0,32.4,5.93
2021-06-19,Saturday,757,843,720,9.33,0,0,0,0,31.1,10.5
2021-06-20,Sunday,621,611,561,3.7,0,0,0,0,30.0,3.46
2021-06-21,Monday,382,393,348,4.88,0,0,0,0,29.0,4.97
2021-06-22,Tuesday,262,308,261,3.38,0,0,0,0,19.6,2.96
2021-06-23,Wednesday,646,208,181,3.68,1,1,1,0,35.9,3.42
2021-06-24,Thursday,591,556,505,5.36,0,0,0,0,33.2,6.31
2021-06-25,Friday,713,688,627,6.95,1,0,0,0,24.2,10.38
2021-06-26,Saturday,417,385,343,2.28,0,0,0,0,32.8,0.8
2021-06-27,Sunday,659,707,641,7.94,0,0,1,0,29.9,6.68
2021-06-28,Monday,535,636,574,7.77,1,0,0,1,26.1,8.93
2021-06-29,Tuesday,536,594,550,4.58,0,0,1,0,35.0,4.34
2021-06-30,Wednesday,262,243,236,3.12,0,0,0,0,26.8,3.49
2021-07-01,Thursday,762,769,674,8.28,0,0,0,0,35.8,7.27
2021-07-02,Friday,774,789,706,7.22,1,0,0,0,31.7,7.18
2021-07-03,Saturday,230,206,180,5.02,0,0,0,0,33.8,3.37
2021-07-04,Sunday,262,275,256,2.85,0,0,0,0,31.9,3.51
2021-07-05,Monday,151,50,56,1.0,0,1,0,0,31.7,2.63
2021-07-06,Tuesday,791,265,232,5.09,0,1,0,0,30.1,2.91
2021-07-07,Wednesday,369,112,96,1.0,1,1,0,0,25.4,1.28
2021-07-08,Thursday,715,684,641,5.98,0,0,0,0,29.3,5.93
2021-07-09,Friday,374,338,302,5.78,0,0,0,0,33.6,4.06
2021-07-10,Saturday,534,508,462,3.62,1,0,0,0,32.6,5.93
2021-07-11,Sunday,552,556,487,8.85,0,0,0,0,31.5,6.78
2021-07-12,Monday,787,900,800,7.37,0,0,0,1,18.5,7.18
2021-07-13,Tuesday,279,333,284,4.41,0,0,0,0,27.9,3.51
2021-07-14,Wednesday,202,212,188,2.64,0,0,1,0,27.4,2.87
2021-07-15,Thursday,565,598,538,6.61,0,0,0,0,23.5,4.96
2021-07-16,Friday,396,342,333,2.29,0,0,0,0,33.5,0.5
2021-07-17,Saturday,588,599,563,1.89,0,0,0,0,18.9,3.3
2021-07-18,Sunday,352,328,300,4.65,0,0,1,0,33.2,3.4
2021-07-19,Monday,333,304,273,3.68,0,0,0,0,35.6,0.5
2021-07-20,Tuesday,272,83,83,4.45,0,1,0,0,28.0,2.89
2021-07-21,Wednesday,550,603,536,6.74,0,0,1,0,28.6,6.01
2021-07-22,Thursday,443,416,404,3.64,1,0,0,0,33.8,1.97
2021-07-23,Friday,429,394,360,6.2,0,0,0,0,25.2,6.69
2021-07-24,Saturday,759,684,645,4.93,1,0,0,0,32.3,3.43
2021-07-25,Sunday,347,381,329,6.77,0,0,0,1,24.4,5.37
2021-07-26,Monday,660,197,169,2.87,1,1,0,0,22.9,5.31
2021-07-27,Tuesday,293,328,276,8.32,1,0,1,0,30.5,5.44
2021-07-28,Wednesday,758,774,702,6.96,0,0,0,0,28.9,6.56
2021-07-29,Thursday,350,394,348,2.87,0,0,1,0,20.4,4.6
2021-07-30,Friday,273,266,249,3.68,0,0,0,0,36.1,5.98
2021-07-31,Saturday,336,318,295,4.1,0,0,0,0,26.9,0.5
2021-08-01,Sunday,475,463,411,5.58,0,0,0,0,31.6,1.21
2021-08-02,Monday,613,678,589,3.26,1,0,0,0,37.0,6.77
2021-08-03,Tuesday,498,128,114,2.28,0,1,0,0,30.2,2.36
2021-08-04,Wednesday,552,618,528,4.96,0,0,0,0,35.4,8.83
2021-08-05,Thursday,495,500,471,1.63,0,0,0,0,24.7,2.69
2021-08-06,Friday,660,673,607,6.43,0,0,0,0,36.1,6.2
2021-08-07,Saturday,296,250,235,2.32,1,0,0,0,24.9,5.47
2021-08-08,Sunday,297,312,293,2.89,1,0,0,0,26.1,2.07
2021-08-09,Monday,638,575,528,3.47,0,0,0,0,21.7,5.87
2021-08-10,Tuesday,789,831,716,11.31,0,0,0,1,30.3,10.83
2021-08-11,Wednesday,700,655,566,7.47,0,0,0,0,32.2,10.92
2021-08-12,Thursday,487,558,515,2.12,1,0,1,0,32.8,2.98
2021-08-13,Friday,790,854,756,9.05,0,0,0,0,21.8,8.37
2021-08-14,Saturday,622,569,523,4.41,0,0,0,0,30.9,2.19
2021-08-15,Sunday,300,319,281,6.74,1,0,0,0,31.1,5.94
2021-08-16,Monday,564,198,188,3.04,0,1,0,0,32.1,2.72
2021-08-17,Tuesday,447,442,395,3.83,1,0,0,0,25.1,8.32
2021-08-18,Wednesday,760,730,693,3.56,0,0,1,0,16.5,2.95
2021-08-19,Thursday,412,443,414,3.37,1,0,1,0,32.5,1.75
2021-08-20,Friday,293,82,81,3.44,0,1,0,0,28.3,3.16
2021-08-21,Saturday,495,549,483,4.72,0,0,0,1,30.4,4.64
2021-08-22,Sunday,773,774,699,8.86,0,0,0,0,28.5,6.01
2021-08-23,Monday,721,746,638,9.1,1,0,0,0,30.2,12.37
2021-08-24,Tuesday,151,139,113,4.33,0,0,0,0,32.7,1.66
2021-08-25,Wednesday,453,406,387,3.68,0,0,0,0,19.7,1.15
2021-08-26,Thursday,403,333,311,3.67,0,0,0,0,34.7,4.15
2021-08-27,Friday,602,609,553,3.29,0,0,0,0,28.1,4.52
2021-08-28,Saturday,186,50,40,3.58,0,1,0,1,37.1,3.26
2021-08-29,Sunday,309,323,282,8.22,1,0,1,0,26.7,4.26
2021-08-30,Monday,158,167,129,5.84,0,0,0,0,25.6,5.41
2021-08-31,Tuesday,382,404,372,5.05,0,0,0,0,28.3,2.77
2021-09-01,Wednesday,248,265,234,1.44,0,0,0,0,31.5,1.67
2021-09-02,Thursday,357,371,351,5.56,0,0,1,0,27.6,3.09
2021-09-03,Friday,280,311,289,5.15,0,0,1,0,31.9,2.53
2021-09-04,Saturday,553,555,499,7.68,0,0,0,0,27.1,3.47
2021-09-05,Sunday,301,314,269,3.35,0,0,0,0,29.2,5.56
2021-09-06,Monday,203,226,192,3.65,0,0,0,0,40.2,4.97
2021-09-07,Tuesday,269,308,279,1.42,1,0,0,1,30.8,3.06
2021-09-08,Wednesday,777,863,765,5.06,0,0,0,0,31.2,8.6
2021-09-09,Thursday,736,786,681,7.24,0,0,0,0,21.6,11.59
2021-09-10,Friday,774,236,215,4.5,1,1,0,0,35.8,2.2
2021-09-11,Saturday,569,492,465,3.24,1,0,0,0,34.3,3.21
2021-09-12,Sunday,571,559,503,4.38,0,0,0,0,25.4,1.44
2021-09-13,Monday,253,258,232,4.54,0,0,1,0,34.2,3.93
2021-09-14,Tuesday,403,397,366,1.0,1,0,0,0,30.6,4.48
2021-09-15,Wednesday,376,401,354,4.11,0,0,0,0,29.2,3.15
2021-09-16,Thursday,261,250,225,4.48,0,0,0,0,35.5,2.26
2021-09-17,Friday,659,566,540,3.2,0,0,0,0,26.4,2.17
2021-09-18,Saturday,622,641,591,7.59,0,0,0,0,25.4,1.99
2021-09-19,Sunday,248,273,240,3.12,0,0,0,0,30.0,4.94
2021-09-20,Monday,302,314,301,2.15,1,0,1,0,31.6,3.37
2021-09-21,Tuesday,487,569,485,5.35,0,0,0,1,33.8,7.79
2021-09-22,Wednesday,312,300,296,1.36,0,0,0,0,28.2,0.5
2021-09-23,Thursday,310,303,274,4.59,0,0,1,0,24.8,3.63
2021-09-24,Friday,729,781,690,8.96,0,0,0,0,41.6,5.63
2021-09-25,Saturday,547,512,494,7.37,1,0,0,0,23.6,2.84
2021-09-26,Sunday,426,433,368,7.11,0,0,0,0,29.3,5.73
2021-09-27,Monday,653,653,596,3.51,1,0,0,0,32.9,8.56
2021-09-28,Tuesday,541,573,549,6.05,0,0,0,1,34.8,0.5
2021-09-29,Wednesday,284,264,237,4.86,0,0,0,0,26.2,4.33
2021-09-30,Thursday,344,327,307,3.65,1,0,0,0,19.6,2.35
2021-10-01,Friday,550,546,493,7.34,0,0,0,0,26.0,3.97
2021-10-02,Saturday,789,721,685,8.74,0,0,0,0,33.3,4.25
2021-10-03,Sunday,182,197,179,3.15,1,0,0,0,32.2,1.48
2021-10-04,Monday,609,604,529,5.13,0,0,0,0,32.4,4.66
2021-10-05,Tuesday,619,667,582,9.56,1,0,1,0,32.6,9.95
2021-10-06,Wednesday,524,478,438,9.48,1,0,0,0,35.7,9.52
2021-10-07,Thursday,171,168,149,3.81,0,0,0,0,25.1,0.5
2021-10-08,Friday,187,184,170,3.33,0,0,1,0,23.0,0.5
2021-10-09,Saturday,379,424,378,5.34,0,0,0,1,30.9,2.95
2021-10-10,Sunday,514,460,416,5.73,0,0,0,0,23.8,3.85
2021-10-11,Monday,712,667,589,4.25,1,0,0,0,22.7,5.31
2021-10-12,Tuesday,587,583,539,5.47,1,0,0,0,35.1,3.72
2021-10-13,Wednesday,432,406,355,5.8,0,0,0,0,30.3,5.52
2021-10-14,Thursday,176,209,184,4.26,0,0,0,1,29.1,0.62
2021-10-15,Friday,375,357,316,5.06,0,0,0,0,29.2,6.78
2021-10-16,Saturday,426,380,363,3.61,0,0,0,0,28.5,0.5
2021-10-17,Sunday,758,708,659,1.41,1,0,1,0,35.1,7.29
2021-10-18,Monday,433,448,420,2.74,0,0,0,0,21.4,5.6
2021-10-19,Tuesday,630,671,623,6.68,1,0,1,0,21.2,7.61
2021-10-20,Wednesday,602,626,555,8.37,0,0,0,0,24.3,9.26
2021-10-21,Thursday,665,757,691,5.37,1,0,1,1,30.4,8.53
2021-10-22,Friday,696,802,715,5.56,0,0,0,1,38.0,8.58
2021-10-23,Saturday,341,372,331,6.05,0,0,0,0,33.3,6.29
2021-10-24,Sunday,198,196,178,3.98,0,0,0,0,32.0,1.58
2021-10-25,Monday,661,617,573,4.7,1,0,0,0,28.6,6.87
2021-10-26,Tuesday,166,164,148,4.93,0,0,0,0,22.3,3.73
2021-10-27,Wednesday,321,314,292,1.59,0,0,1,0,31.6,2.76
2021-10-28,Thursday,369,406,346,7.89,0,0,1,0,39.1,5.53
2021-10-29,Friday,307,317,281,1.78,0,0,0,0,27.8,3.92
2021-10-30,Saturday,626,668,583,5.69,0,0,0,0,26.2,5.29
2021-10-31,Sunday,195,202,192,1.18,1,0,0,0,27.8,1.68
2021-11-01,Monday,522,537,480,4.59,0,0,0,1,32.0,5.78
2021-11-02,Tuesday,667,658,581,7.29,0,0,0,1,29.6,6.43
2021-11-03,Wednesday,248,263,226,5.76,0,0,0,0,33.6,5.24
2021-11-04,Thursday,186,138,128,2.9,0,0,1,0,28.8,1.39
2021-11-05,Friday,429,461,397,3.72,0,0,0,1,27.8,5.47
2021-11-06,Saturday,498,519,465,1.87,0,0,0,0,30.1,5.77
2021-11-07,Sunday,646,650,579,7.93,0,0,0,0,26.3,6.14
2021-11-08,Monday,451,521,448,7.82,0,0,0,0,37.7,5.68
2021-11-09,Tuesday,330,307,272,6.35,1,0,0,0,33.1,6.1
2021-11-10,Wednesday,756,710,648,5.67,0,0,0,0,23.5,1.98
2021-11-11,Thursday,248,243,233,4.25,1,0,1,0,25.3,4.06
2021-11-12,Friday,265,287,245,3.66,0,0,0,0,31.8,2.3
2021-11-13,Saturday,340,331,300,5.07,0,0,0,0,29.9,5.43
2021-11-14,Sunday,402,490,445,4.11,0,0,1,1,30.5,5.39
2021-11-15,Monday,310,278,269,1.53,0,0,0,0,28.0,2.28
2021-11-16,Tuesday,405,387,352,4.84,1,0,0,0,31.3,5.94
2021-11-17,Wednesday,472,510,453,5.96,1,0,0,0,28.2,5.36
2021-11-18,Thursday,277,252,226,5.57,0,0,0,0,31.8,2.41
2021-11-19,Friday,167,130,132,1.0,0,0,0,0,32.9,0.5
2021-11-20,Saturday,715,758,710,6.81,0,0,0,1,37.0,6.28
2021-11-21,Sunday,719,224,217,3.12,0,1,0,0,26.4,0.5
2021-11-22,Monday,472,482,419,7.89,0,0,0,0,28.9,5.33
2021-11-23,Tuesday,775,761,705,7.48,1,0,0,0,22.9,9.52
2021-11-24,Wednesday,437,438,385,1.03,1,0,0,0,38.1,8.04
2021-11-25,Thursday,788,787,726,7.74,1,0,0,0,19.1,6.45
2021-11-26,Friday,304,347,302,6.94,1,0,0,1,37.4,3.08
2021-11-27,Saturday,639,560,535,1.61,0,0,0,0,29.5,2.69
2021-11-28,Sunday,535,512,482,1.34,0,0,0,0,31.1,2.59
2021-11-29,Monday,253,291,258,5.71,0,0,1,1,28.2,4.58
2021-11-30,Tuesday,542,644,574,6.55,0,0,1,0,29.2,5.29
2021-12-01,Wednesday,395,365,367,1.23,0,0,0,0,31.9,0.5
2021-12-02,Thursday,325,343,307,7.07,1,0,0,0,20.8,4.6
2021-12-03,Friday,188,177,161,3.92,1,0,0,0,25.7,3.69
2021-12-04,Saturday,626,611,559,1.61,1,0,0,0,24.8,7.44
2021-12-05,Sunday,687,667,613,3.64,1,0,0,0,31.2,6.89
2021-12-06,Monday,557,620,539,8.83,1,0,1,0,29.0,8.7
2021-12-07,Tuesday,674,599,568,4.27,0,0,0,0,32.1,4.87
2021-12-08,Wednesday,655,612,582,2.85,1,0,0,0,29.8,4.84
2021-12-09,Thursday,185,172,166,3.64,0,0,0,0,34.3,1.2
2021-12-10,Friday,169,50,40,1.96,0,1,1,0,25.3,2.14
2021-12-11,Saturday,470,432,387,2.73,1,0,0,0,29.3,2.99
2021-12-12,Sunday,661,640,601,6.48,1,0,1,0,34.5,3.65
2021-12-13,Monday,549,144,133,5.21,0,1,0,0,33.5,2.74
2021-12-14,Tuesday,620,594,557,5.4,0,0,0,0,21.6,2.43
2021-12-15,Wednesday,292,292,269,1.0,0,0,0,0,23.9,1.59
2021-12-16,Thursday,241,58,67,5.34,0,1,0,0,28.6,2.64
2021-12-17,Friday,503,493,433,9.07,1,0,0,0,27.8,7.73
2021-12-18,Saturday,200,202,181,5.95,0,0,0,0,28.7,3.31
2021-12-19,Sunday,724,658,630,4.59,0,0,0,0,33.0,4.46
2021-12-20,Monday,339,338,316,3.87,0,0,0,0,30.4,3.8
2021-12-21,Tuesday,274,299,261,5.38,0,0,0,1,30.7,4.96
2021-12-22,Wednesday,299,83,75,1.0,0,1,0,0,32.4,3.21
2021-12-23,Thursday,463,469,416,4.43,1,0,0,1,34.4,4.64
2021-12-24,Friday,719,684,636,4.08,0,0,0,0,15.0,1.36
2021-12-25,Saturday,491,424,402,4.8,0,0,0,0,27.1,1.0
2021-12-26,Sunday,454,465,409,6.02,0,0,0,0,24.6,3.73
2021-12-27,Monday,203,237,213,2.1,0,0,0,1,31.4,3.65
2021-12-28,Tuesday,593,630,558,3.59,1,0,0,0,26.7,6.9
2021-12-29,Wednesday,762,766,700,6.77,0,0,0,0,29.4,5.82
2021-12-30,Thursday,413,405,396,1.08,1,0,0,1,33.3,2.63
2021-12-31,Friday,202,62,59,1.0,0,1,0,0,26.0,2.22
2022-01-01,Saturday,721,770,676,11.44,0,0,0,0,30.8,11.16
2022-01-02,Sunday,769,697,628,10.45,0,0,0,0,36.8,5.31
2022-01-03,Monday,154,173,148,3.07,0,0,0,0,33.2,0.67
2022-01-04,Tuesday,252,264,239,1.0,1,0,0,0,21.1,2.38
2022-01-05,Wednesday,345,330,287,7.04,0,0,0,0,27.5,4.04
2022-01-06,Thursday,499,512,465,5.69,0,0,0,0,30.8,3.05
2022-01-07,Friday,196,192,180,4.55,0,0,0,0,31.8,3.35
2022-01-08,Saturday,418,480,417,4.82,0,0,0,1,27.7,4.53
2022-01-09,Sunday,519,539,497,2.94,1,0,0,1,25.8,2.81
2022-01-10,Monday,785,754,689,5.64,0,0,0,0,29.3,6.68
2022-01-11,Tuesday,255,292,263,4.41,0,0,1,0,23.6,2.16
2022-01-12,Wednesday,269,84,74,1.73,1,1,0,0,34.5,4.24
2022-01-13,Thursday,753,786,694,9.89,0,0,0,0,38.3,7.47
2022-01-14,Friday,207,226,193,1.19,0,0,0,0,31.0,2.99
2022-01-15,Saturday,495,465,429,5.22,0,0,0,0,27.8,4.54
2022-01-16,Sunday,623,638,551,7.51,1,0,0,0,33.7,9.18
2022-01-17,Monday,266,283,236,7.28,1,0,0,0,32.9,7.41
2022-01-18,Tuesday,276,254,250,1.0,0,0,0,0,27.6,3.19
2022-01-19,Wednesday,542,531,487,6.19,0,0,0,0,28.8,4.99
2022-01-20,Thursday,790,771,725,5.89,1,0,1,0,26.0,4.54
2022-01-21,Friday,207,50,40,3.49,0,1,0,0,29.8,3.03
2022-01-22,Saturday,783,765,672,6.02,0,0,0,0,30.5,6.09
2022-01-23,Sunday,662,647,577,4.96,0,0,0,0,25.1,4.37
2022-01-24,Monday,245,235,221,2.74,1,0,0,0,23.6,5.44
2022-01-25,Tuesday,787,833,751,6.11,0,0,0,0,22.4,7.72
2022-01-26,Wednesday,267,262,229,6.58,0,0,0,0,31.1,6.03
2022-01-27,Thursday,709,754,695,5.99,0,0,1,0,28.9,5.69
2022-01-28,Friday,750,770,665,9.71,0,0,0,0,28.6,8.07
2022-01-29,Saturday,637,705,616,4.78,1,0,0,0,31.3,9.25
2022-01-30,Sunday,386,374,350,1.0,0,0,0,1,24.5,2.15
2022-01-31,Monday,421,393,376,3.11,0,0,0,0,23.6,5.16
2022-02-01,Tuesday,338,385,334,3.0,0,0,1,0,30.2,4.89
2022-02-02,Wednesday,596,591,523,6.31,0,0,0,0,20.4,4.23
2022-02-03,Thursday,730,809,709,6.48,1,0,0,0,27.7,9.37
2022-02-04,Friday,396,410,364,5.58,0,0,0,0,41.3,4.66
2022-02-05,Saturday,225,243,228,1.92,1,0,0,0,22.3,1.48
2022-02-06,Sunday,303,277,260,4.44,0,0,0,0,26.9,1.95
2022-02-07,Monday,584,568,500,4.65,0,0,0,0,18.4,5.58
2022-02-08,Tuesday,235,223,215,1.0,0,0,1,0,27.8,1.43
2022-02-09,Wednesday,434,548,487,7.39,0,0,0,1,38.8,5.16
2022-02-10,Thursday,369,368,352,2.0,0,0,0,1,31.3,0.5
2022-02-11,Friday,218,180,177,5.14,1,0,0,0,25.9,2.71
2022-02-12,Saturday,196,167,164,1.51,0,0,0,0,39.9,1.65
2022-02-13,Sunday,243,237,223,1.79,0,0,0,0,20.3,3.64
2022-02-14,Monday,602,163,150,2.7,1,1,0,0,31.3,5.28
2022-02-15,Tuesday,353,341,318,2.76,1,0,0,0,29.3,0.96
2022-02-16,Wednesday,367,404,343,6.08,0,0,0,0,27.8,4.0
2022-02-17,Thursday,623,595,533,6.63,0,0,0,1,33.0,4.16
2022-02-18,Friday,581,700,630,7.35,0,0,1,1,23.1,8.64
2022-02-19,Saturday,490,499,450,5.04,1,0,0,0,30.6,6.35
2022-02-20,Sunday,700,181,170,1.0,1,1,0,0,29.9,7.29
2022-02-21,Monday,761,200,194,5.93,1,1,0,0,24.6,6.03
2022-02-22,Tuesday,438,449,375,5.91,1,0,0,0,38.7,8.82
2022-02-23,Wednesday,403,385,352,3.56,0,0,0,0,28.1,1.96
2022-02-24,Thursday,506,516,480,4.32,1,0,0,0,28.3,5.91
2022-02-25,Friday,172,159,146,2.74,0,0,0,0,23.9,2.63
2022-02-26,Saturday,671,641,602,1.5,0,0,0,0,28.2,4.88
2022-02-27,Sunday,249,203,197,3.86,0,0,0,0,40.7,0.68
2022-02-28,Monday,329,380,324,4.1,1,0,1,0,27.7,9.4
2022-03-01,Tuesday,372,134,116,2.91,1,1,0,0,31.6,4.07
2022-03-02,Wednesday,591,582,535,8.25,0,0,0,0,33.8,6.08
2022-03-03,Thursday,757,736,631,9.98,1,0,0,0,28.1,12.82
2022-03-04,Friday,474,486,448,7.49,1,0,0,0,27.0,5.39
2022-03-05,Saturday,665,628,577,4.09,0,0,0,0,31.4,1.78
2022-03-06,Sunday,165,133,148,2.99,0,0,0,0,27.8,0.5
2022-03-07,Monday,485,482,447,5.15,1,0,0,0,27.3,7.2
2022-03-08,Tuesday,407,380,360,3.5,0,0,0,0,33.7,3.21
2022-03-09,Wednesday,646,637,556,5.6,0,0,0,0,28.7,8.54
2022-03-10,Thursday,309,342,293,7.15,1,0,0,0,35.1,7.97
2022-03-11,Friday,624,603,549,4.54,1,0,0,0,28.5,4.39
2022-03-12,Saturday,529,508,462,5.28,0,0,0,0,22.4,4.25
2022-03-13,Sunday,694,742,635,10.03,1,0,0,0,15.0,10.16
2022-03-14,Monday,576,571,527,3.16,0,0,0,0,19.8,2.22
2022-03-15,Tuesday,762,760,706,3.51,0,0,0,0,20.7,3.0
2022-03-16,Wednesday,417,441,403,9.12,0,0,0,0,30.3,2.9
2022-03-17,Thursday,726,641,609,2.71,0,0,0,0,24.1,0.77
2022-03-18,Friday,566,638,550,10.25,1,0,0,0,19.1,8.64
2022-03-19,Saturday,317,282,258,3.72,0,0,0,0,28.3,2.49
2022-03-20,Sunday,192,215,190,3.11,0,0,0,1,23.6,4.85
2022-03-21,Monday,705,752,658,7.08,0,0,0,0,31.3,5.5
2022-03-22,Tuesday,434,168,147,3.54,1,1,0,1,31.2,6.12
2022-03-23,Wednesday,546,527,503,6.23,0,0,0,1,31.7,3.25
2022-03-24,Thursday,161,137,129,4.3,0,0,0,0,16.2,2.15
2022-03-25,Friday,756,723,626,7.45,0,0,0,0,29.2,8.07
2022-03-26,Saturday,451,431,414,1.0,1,0,0,0,28.4,0.5
2022-03-27,Sunday,402,422,380,4.85,0,0,1,1,22.9,2.72
2022-03-28,Monday,648,624,569,5.76,0,0,0,0,18.3,5.43
2022-03-29,Tuesday,184,186,168,5.76,0,0,0,0,28.5,2.69
2022-03-30,Wednesday,239,239,219,1.0,1,0,1,0,34.3,0.9
2022-03-31,Thursday,754,762,686,5.79,0,0,1,0,16.1,5.1
2022-04-01,Friday,751,722,666,4.63,0,0,0,0,24.8,4.99
2022-04-02,Saturday,567,598,536,5.81,0,0,0,0,29.7,2.86
2022-04-03,Sunday,264,277,255,3.87,0,0,0,0,34.6,1.9
2022-04-04,Monday,766,210,185,4.66,1,1,0,0,27.4,7.23
2022-04-05,Tuesday,345,354,331,1.0,0,0,0,0,38.7,2.85
2022-04-06,Wednesday,650,640,616,4.13,1,0,0,0,20.0,6.34
2022-04-07,Thursday,775,706,679,4.43,1,0,0,0,18.9,3.98
2022-04-08,Friday,642,691,632,5.88,0,0,1,0,34.1,7.47
2022-04-09,Saturday,224,196,179,3.12,1,0,0,0,17.3,2.0
2022-04-10,Sunday,562,597,531,1.0,1,0,0,0,31.3,7.07
2022-04-11,Monday,525,527,479,6.16,1,0,0,0,27.5,4.63
2022-04-12,Tuesday,569,490,461,2.34,0,0,0,0,24.5,2.78
2022-04-13,Wednesday,426,406,392,4.37,0,0,0,0,26.9,2.58
2022-04-14,Thursday,543,530,498,6.51,0,0,0,0,22.6,4.54
2022-04-15,Friday,606,562,514,2.12,1,0,0,0,27.4,4.44
2022-04-16,Saturday,341,304,287,4.48,0,0,0,0,29.1,2.73
2022-04-17,Sunday,248,247,233,1.05,0,0,0,0,26.9,1.09
2022-04-18,Monday,697,744,686,5.61,0,0,1,0,26.1,7.58
2022-04-19,Tuesday,245,240,214,3.7,0,0,0,0,30.3,1.35
2022-04-20,Wednesday,339,371,317,6.83,0,0,0,0,37.3,2.5
2022-04-21,Thursday,186,183,170,4.31,0,0,0,1,27.7,0.5
2022-04-22,Friday,518,537,499,5.06,0,0,0,1,33.1,3.79
2022-04-23,Saturday,674,598,568,1.19,1,0,0,0,24.2,2.83
2022-04-24,Sunday,428,389,379,1.0,0,0,0,0,22.3,0.54
2022-04-25,Monday,366,365,343,5.35,1,0,0,0,31.3,3.9
2022-04-26,Tuesday,422,455,400,6.87,0,0,1,0,27.8,6.69
2022-04-27,Wednesday,211,177,171,1.03,0,0,0,0,34.6,0.5
2022-04-28,Thursday,745,811,693,9.62,1,0,0,0,35.6,14.21
2022-04-29,Friday,491,447,423,3.44,1,0,0,0,33.2,4.67
2022-04-30,Saturday,546,520,460,7.76,0,0,0,0,33.1,4.12
2022-05-01,Sunday,168,156,139,3.59,1,0,0,0,15.0,3.25
2022-05-02,Monday,326,345,310,6.05,1,0,0,0,31.2,7.63
2022-05-03,Tuesday,761,779,713,5.03,1,0,0,0,33.3,9.05
2022-05-04,Wednesday,545,576,506,6.86,0,0,0,0,22.6,8.08
2022-05-05,Thursday,594,613,533,6.16,0,0,0,0,29.0,6.74
2022-05-06,Friday,382,404,358,3.92,0,0,0,0,23.8,3.76
2022-05-07,Saturday,225,217,205,1.0,0,0,0,0,34.1,3.55
2022-05-08,Sunday,414,400,370,5.81,0,0,0,0,24.2,4.43
2022-05-09,Monday,604,610,576,7.52,1,0,0,0,25.0,7.22
2022-05-10,Tuesday,533,562,489,4.02,0,0,0,0,26.7,6.75
2022-05-11,Wednesday,713,765,682,8.31,0,0,1,0,40.2,7.06
2022-05-12,Thursday,655,716,690,5.1,0,0,0,1,34.0,3.79
2022-05-13,Friday,516,491,461,3.22,1,0,0,0,37.1,6.89
2022-05-14,Saturday,293,254,238,2.05,0,0,1,0,19.9,2.85
2022-05-15,Sunday,218,56,53,4.79,1,1,0,0,22.7,4.52
2022-05-16,Monday,248,262,240,5.65,0,0,1,0,35.7,1.46
2022-05-17,Tuesday,545,535,521,4.08,1,0,1,0,20.2,5.38
2022-05-18,Wednesday,174,164,165,1.51,1,0,0,0,25.6,3.76
2022-05-19,Thursday,618,591,523,8.2,0,0,0,0,39.3,2.91
2022-05-20,Friday,633,189,188,1.05,1,1,1,0,24.2,4.17
2022-05-21,Saturday,714,697,656,7.31,0,0,0,0,19.9,3.43
2022-05-22,Sunday,300,282,260,6.65,0,0,0,0,29.2,3.58
2022-05-23,Monday,293,262,261,4.68,0,0,1,0,20.1,0.5
2022-05-24,Tuesday,718,614,595,4.16,0,0,0,0,35.2,2.17
2022-05-25,Wednesday,188,50,44,1.0,1,1,0,0,24.5,1.48
2022-05-26,Thursday,258,83,80,2.33,0,1,0,0,23.5,0.5
2022-05-27,Friday,191,181,163,6.67,0,0,0,0,29.1,3.53
2022-05-28,Saturday,335,337,311,5.62,0,0,0,0,27.0,1.66
2022-05-29,Sunday,547,600,532,7.02,0,0,1,0,30.3,6.43
2022-05-30,Monday,372,365,337,2.81,0,0,0,0,31.6,3.0
2022-05-31,Tuesday,783,714,679,6.27,1,0,0,0,27.9,8.84
2022-06-01,Wednesday,282,269,259,1.0,0,0,0,0,23.2,0.5
2022-06-02,Thursday,312,288,254,4.06,0,0,0,0,32.7,2.6
2022-06-03,Friday,364,323,297,7.06,0,0,0,0,25.5,2.04
2022-06-04,Saturday,384,115,107,1.49,0,1,1,0,24.7,4.0
2022-06-05,Sunday,737,690,626,7.12,0,0,1,0,29.7,5.22
2022-06-06,Monday,158,135,138,1.0,1,0,0,0,19.4,1.28
2022-06-07,Tuesday,223,232,211,2.48,0,0,0,0,31.0,2.94
2022-06-08,Wednesday,641,704,644,6.12,0,0,0,1,30.0,4.69
2022-06-09,Thursday,402,376,349,4.62,0,0,1,0,34.6,0.99
2022-06-10,Friday,379,90,96,5.89,0,1,0,0,26.5,2.24
2022-06-11,Saturday,668,628,559,5.39,1,0,0,0,35.6,7.19
2022-06-12,Sunday,323,317,296,4.72,0,0,0,0,31.6,1.59
2022-06-13,Monday,317,376,320,6.6,0,0,1,0,28.9,5.08
2022-06-14,Tuesday,319,349,319,3.09,1,0,0,0,38.1,7.04
2022-06-15,Wednesday,542,608,560,6.86,0,0,0,1,29.5,5.44
2022-06-16,Thursday,783,815,705,9.75,0,0,0,0,26.4,7.42
2022-06-17,Friday,343,349,324,3.38,0,0,1,0,29.6,4.37
2022-06-18,Saturday,666,626,572,5.82,0,0,0,0,26.3,8.63
2022-06-19,Sunday,178,188,175,1.49,1,0,0,0,30.9,3.47
2022-06-20,Monday,314,338,296,3.22,0,0,0,0,35.6,3.57
2022-06-21,Tuesday,571,572,518,5.43,1,0,0,0,29.0,3.78
2022-06-22,Wednesday,488,480,429,6.65,0,0,0,0,29.5,3.37
2022-06-23,Thursday,797,819,765,4.87,1,0,0,0,33.0,5.31
2022-06-24,Friday,645,671,605,5.02,0,0,1,1,34.9,5.37
2022-06-25,Saturday,514,548,518,3.73,0,0,1,0,26.7,1.79
2022-06-26,Sunday,491,501,440,7.35,0,0,1,0,29.9,6.63
2022-06-27,Monday,649,681,644,2.1,0,0,0,1,33.0,1.88
2022-06-28,Tuesday,660,592,569,5.32,0,0,0,0,30.6,4.79
2022-06-29,Wednesday,476,505,432,7.44,1,0,0,0,19.7,7.55
2022-06-30,Thursday,366,328,313,1.0,1,0,0,0,33.9,3.51
2022-07-01,Friday,450,446,426,3.18,0,0,1,0,31.6,2.9
2022-07-02,Saturday,281,292,266,5.07,0,0,0,0,32.0,3.72
2022-07-03,Sunday,219,233,206,1.0,1,0,0,0,23.0,3.78
2022-07-04,Monday,401,406,370,2.62,0,0,0,0,29.8,4.53
2022-07-05,Tuesday,564,515,499,1.0,1,0,0,0,33.2,4.41
2022-07-06,Wednesday,594,582,559,2.72,0,0,0,0,24.6,0.5
2022-07-07,Thursday,331,323,286,6.4,0,0,1,0,25.9,2.16
2022-07-08,Friday,316,273,264,4.43,0,0,1,0,33.3,0.67
2022-07-09,Saturday,240,218,203,2.42,0,0,0,0,25.7,0.5
2022-07-10,Sunday,680,681,625,7.43,0,0,0,0,28.0,4.7
2022-07-11,Monday,188,50,55,3.42,1,1,0,0,23.8,2.11
2022-07-12,Tuesday,275,258,250,5.24,1,0,1,0,38.1,2.73
2022-07-13,Wednesday,600,601,537,5.86,0,0,0,0,31.6,3.23
2022-07-14,Thursday,322,354,307,6.06,0,0,0,0,27.7,4.38
2022-07-15,Friday,369,377,351,10.0,0,0,0,0,26.8,5.71
2022-07-16,Saturday,787,784,750,3.81,1,0,0,0,22.9,4.2
2022-07-17,Sunday,207,191,169,3.59,0,0,0,0,28.4,2.83
2022-07-18,Monday,625,654,591,5.68,0,0,1,0,32.3,4.81
2022-07-19,Tuesday,605,600,525,6.46,0,0,0,0,25.0,7.71
2022-07-20,Wednesday,510,533,498,5.43,0,0,0,0,29.5,3.44
2022-07-21,Thursday,150,142,123,3.65,1,0,0,0,27.2,4.85
2022-07-22,Friday,536,544,487,3.18,0,0,0,0,35.9,3.37
2022-07-23,Saturday,497,434,408,3.96,0,0,0,0,25.8,3.13
2022-07-24,Sunday,339,303,292,2.16,0,0,0,0,32.9,0.5
2022-07-25,Monday,654,605,562,1.75,0,0,0,0,36.0,3.73
2022-07-26,Tuesday,340,334,311,5.83,0,0,0,0,27.1,1.39
2022-07-27,Wednesday,657,599,576,2.81,0,0,0,0,26.1,2.91
2022-07-28,Thursday,518,540,478,6.6,0,0,0,0,33.6,5.88
2022-07-29,Friday,558,592,566,1.0,0,0,1,1,20.1,0.5
2022-07-30,Saturday,266,257,249,3.84,0,0,0,0,31.2,3.84
2022-07-31,Sunday,283,243,229,2.71,0,0,0,0,21.1,2.17
2022-08-01,Monday,207,177,160,1.0,1,0,0,0,35.1,1.4
2022-08-02,Tuesday,705,779,724,4.53,0,0,0,1,27.7,4.66
2022-08-03,Wednesday,322,321,305,2.14,0,0,0,0,28.5,0.5
2022-08-04,Thursday,298,295,273,5.06,0,0,0,1,25.4,0.5
2022-08-05,Friday,229,186,178,3.1,0,0,0,0,21.1,2.94
2022-08-06,Saturday,362,380,324,2.84,0,0,0,0,35.3,3.15
2022-08-07,Sunday,352,321,301,4.39,1,0,0,0,28.1,5.19
2022-08-08,Monday,378,344,318,1.0,0,0,0,0,42.0,3.43
2022-08-09,Tuesday,376,385,358,1.96,0,0,0,0,24.9,0.92
2022-08-10,Wednesday,681,679,583,7.81,1,0,0,0,25.8,12.38
2022-08-11,Thursday,590,179,164,2.2,0,1,0,1,24.5,2.67
2022-08-12,Friday,551,617,534,9.21,1,0,0,0,28.1,9.18
2022-08-13,Saturday,196,197,178,3.85,0,0,0,0,36.9,0.51
2022-08-14,Sunday,382,101,92,4.12,1,1,0,0,34.1,2.37
2022-08-15,Monday,454,489,428,7.06,1,0,1,0,21.5,4.0
2022-08-16,Tuesday,675,674,598,5.88,1,0,1,0,35.0,5.95
2022-08-17,Wednesday,292,304,294,1.13,1,0,0,0,32.4,4.07
2022-08-18,Thursday,564,156,139,3.35,1,1,0,0,31.4,3.08
2022-08-19,Friday,662,626,605,5.22,1,0,0,1,25.6,2.5
2022-08-20,Saturday,522,447,419,3.62,0,0,0,0,26.0,0.83
2022-08-21,Sunday,715,688,619,7.36,0,0,1,0,29.7,3.79
2022-08-22,Monday,408,398,361,4.49,0,0,0,0,26.2,5.23
2022-08-23,Tuesday,620,633,585,2.34,1,0,0,0,35.6,3.19
2022-08-24,Wednesday,161,125,127,1.0,1,0,0,0,26.0,1.37
2022-08-25,Thursday,479,421,398,6.58,1,0,0,0,19.3,3.97
2022-08-26,Friday,507,460,431,1.99,1,0,0,0,22.5,5.68
2022-08-27,Saturday,557,526,476,4.1,0,0,0,0,22.8,3.54
2022-08-28,Sunday,522,553,493,7.45,0,0,1,0,27.7,4.62
2022-08-29,Monday,157,156,141,1.18,0,0,0,0,30.1,0.5
2022-08-30,Tuesday,271,273,243,2.92,0,0,0,0,29.3,1.9
2022-08-31,Wednesday,497,544,491,5.03,0,0,1,0,31.3,4.14
2022-09-01,Thursday,239,301,270,3.59,1,0,0,1,27.7,4.58
2022-09-02,Friday,797,788,737,3.56,1,0,1,0,27.9,8.23
2022-09-03,Saturday,465,498,452,4.68,0,0,1,0,37.8,4.2
2022-09-04,Sunday,327,337,324,4.44,0,0,0,0,35.0,3.59
2022-09-05,Monday,689,620,571,4.97,0,0,0,0,31.0,5.98
2022-09-06,Tuesday,190,168,149,2.36,0,0,0,0,33.6,1.51
2022-09-07,Wednesday,651,639,570,8.0,0,0,1,0,19.4,6.84
2022-09-08,Thursday,294,275,253,6.78,0,0,0,0,24.9,2.94
2022-09-09,Friday,350,343,339,4.44,0,0,0,1,26.8,0.5
2022-09-10,Saturday,610,615,565,3.23,0,0,1,0,24.9,3.53
2022-09-11,Sunday,707,197,189,1.0,1,1,1,0,21.3,3.46
2022-09-12,Monday,696,724,657,6.97,0,0,1,0,31.1,8.35
2022-09-13,Tuesday,402,375,334,5.06,0,0,0,0,35.9,2.59
2022-09-14,Wednesday,539,534,495,2.44,0,0,1,0,28.9,4.43
2022-09-15,Thursday,743,680,609,6.92,0,0,0,0,32.2,4.93
2022-09-16,Friday,405,406,362,5.1,0,0,1,0,28.8,6.12
2022-09-17,Saturday,599,627,556,9.07,1,0,0,0,26.8,11.05
2022-09-18,Sunday,159,169,160,2.21,0,0,0,0,33.6,0.5
2022-09-19,Monday,391,370,353,5.93,0,0,0,0,21.9,5.23
2022-09-20,Tuesday,400,424,386,7.16,0,0,0,0,19.7,5.2
2022-09-21,Wednesday,154,186,169,2.22,0,0,0,0,21.8,3.66
2022-09-22,Thursday,268,276,248,4.68,0,0,0,0,33.3,4.87
2022-09-23,Friday,523,551,500,4.92,0,0,0,0,29.4,6.9
2022-09-24,Saturday,214,245,219,3.48,1,0,0,0,30.9,3.21
2022-09-25,Sunday,295,291,261,4.59,1,0,0,0,37.4,6.37
2022-09-26,Monday,373,356,327,2.67,1,0,0,0,23.2,3.06
2022-09-27,Tuesday,388,351,351,1.0,0,0,0,0,35.0,0.5
2022-09-28,Wednesday,326,295,273,2.75,0,0,0,0,27.0,1.6
2022-09-29,Thursday,431,131,119,5.29,1,1,0,0,26.3,4.99
2022-09-30,Friday,212,202,168,4.0,0,0,0,0,29.4,1.9
2022-10-01,Saturday,366,401,357,4.88,0,0,0,1,30.2,2.1
2022-10-02,Sunday,610,665,591,8.0,0,0,0,0,27.9,6.33
2022-10-03,Monday,759,837,761,3.81,0,0,1,1,32.1,6.38
2022-10-04,Tuesday,254,256,229,4.78,0,0,1,0,29.4,2.89
2022-10-05,Wednesday,248,233,217,6.39,0,0,0,0,28.0,1.13
2022-10-06,Thursday,660,702,657,5.14,0,0,1,0,26.9,2.05
2022-10-07,Friday,534,549,491,2.23,1,0,0,0,30.2,6.1
2022-10-08,Saturday,554,556,516,4.56,0,0,0,0,22.2,6.47
2022-10-09,Sunday,667,210,192,4.59,0,1,0,1,23.6,2.76
2022-10-10,Monday,625,609,536,6.72,0,0,0,0,27.2,8.39
2022-10-11,Tuesday,794,817,702,9.32,0,0,0,0,31.7,10.94
2022-10-12,Wednesday,586,544,500,5.63,0,0,0,0,39.7,5.09
2022-10-13,Thursday,172,152,139,1.54,1,0,0,0,28.2,3.87
2022-10-14,Friday,714,749,696,3.96,0,0,0,1,20.1,4.92
2022-10-15,Saturday,607,575,516,5.08,1,0,0,0,25.0,5.69
2022-10-16,Sunday,232,189,189,3.21,0,0,0,0,32.3,0.5
2022-10-17,Monday,294,70,64,1.0,0,1,0,0,24.1,3.26
2022-10-18,Tuesday,234,255,235,7.3,1,0,0,0,22.5,5.36
2022-10-19,Wednesday,227,208,200,1.0,0,0,0,1,32.3,2.19
2022-10-20,Thursday,606,574,508,3.06,0,0,0,0,31.3,5.64
2022-10-21,Friday,150,61,47,4.27,0,1,1,0,21.6,4.52
2022-10-22,Saturday,200,198,181,4.28,0,0,0,0,24.5,2.26
2022-10-23,Sunday,595,583,536,4.95,0,0,0,0,35.2,2.58
2022-10-24,Monday,598,595,538,6.85,0,0,0,0,33.3,5.44
2022-10-25,Tuesday,637,642,560,8.03,0,0,0,0,23.0,10.17
2022-10-26,Wednesday,183,204,175,4.1,0,0,0,0,19.1,3.66
2022-10-27,Thursday,497,515,482,4.8,1,0,0,0,30.3,2.83
2022-10-28,Friday,244,220,213,1.0,1,0,0,0,27.5,3.36
2022-10-29,Saturday,221,219,201,3.25,1,0,0,0,29.9,6.78
2022-10-30,Sunday,700,663,611,5.27,0,0,0,0,32.2,4.51
2022-10-31,Monday,303,309,262,8.53,1,0,0,0,24.2,6.74
2022-11-01,Tuesday,399,420,382,3.1,0,0,0,0,26.8,3.54
2022-11-02,Wednesday,587,577,500,6.67,1,0,0,0,24.5,8.37
2022-11-03,Thursday,267,263,242,6.22,0,0,0,0,24.7,4.09
2022-11-04,Friday,455,451,402,6.2,0,0,0,0,31.8,3.99
2022-11-05,Saturday,417,440,398,4.86,1,0,0,1,29.7,6.05
2022-11-06,Sunday,203,182,169,4.95,0,0,0,0,21.2,3.47
2022-11-07,Monday,385,425,393,2.83,0,0,0,1,32.6,2.27
2022-11-08,Tuesday,538,551,505,8.14,1,0,0,0,27.2,7.85
2022-11-09,Wednesday,550,583,550,5.47,1,0,1,0,32.9,3.99
2022-11-10,Thursday,773,718,648,3.42,1,0,0,0,23.9,4.68
2022-11-11,Friday,452,480,443,3.45,0,0,1,0,24.4,0.68
2022-11-12,Saturday,356,353,335,1.0,0,0,0,0,30.3,2.27
2022-11-13,Sunday,378,338,305,5.75,0,0,0,0,23.5,1.02
2022-11-14,Monday,727,705,669,5.49,0,0,0,0,27.6,3.83
2022-11-15,Tuesday,224,212,180,3.43,0,0,0,0,22.9,1.28
2022-11-16,Wednesday,584,660,568,9.72,0,0,0,0,27.0,4.31
2022-11-17,Thursday,252,245,219,3.78,0,0,0,0,28.8,3.55
2022-11-18,Friday,571,552,498,10.19,0,0,0,0,29.1,3.86
2022-11-19,Saturday,455,449,412,2.38,1,0,0,0,27.2,8.02
2022-11-20,Sunday,247,263,248,4.48,1,0,0,0,30.7,6.09
2022-11-21,Monday,484,454,426,3.32,1,0,1,0,29.7,4.39
2022-11-22,Tuesday,584,619,589,2.93,1,0,0,0,28.6,0.82
2022-11-23,Wednesday,596,579,540,4.33,0,0,0,0,25.9,3.62
2022-11-24,Thursday,457,465,421,5.58,1,0,0,0,34.3,8.26
2022-11-25,Friday,398,362,336,4.03,0,0,0,0,30.9,4.16
2022-11-26,Saturday,315,310,290,4.82,1,0,0,0,23.8,5.6
2022-11-27,Sunday,630,623,547,7.77,1,0,1,0,32.2,11.31
2022-11-28,Monday,484,422,405,6.05,1,0,0,0,33.4,1.83
2022-11-29,Tuesday,691,211,193,1.33,0,1,0,0,28.6,4.32
2022-11-30,Wednesday,255,255,244,1.0,0,0,0,0,28.9,3.92
2022-12-01,Thursday,712,696,622,6.45,0,0,0,0,18.7,6.61
2022-12-02,Friday,230,227,192,3.0,0,0,0,0,24.8,2.61
2022-12-03,Saturday,282,309,274,6.0,0,0,0,0,33.2,6.21
2022-12-04,Sunday,287,292,278,1.35,0,0,1,0,25.1,3.21
2022-12-05,Monday,333,337,298,3.66,0,0,0,0,28.2,2.47
2022-12-06,Tuesday,550,622,566,4.98,0,0,1,0,24.7,2.27
2022-12-07,Wednesday,479,415,384,7.38,1,0,0,0,30.2,5.12
2022-12-08,Thursday,657,671,599,10.25,0,0,0,0,31.0,3.92
2022-12-09,Friday,218,50,57,1.0,0,1,0,0,31.1,0.5
2022-12-10,Saturday,695,692,633,1.79,1,0,0,0,23.3,4.27
2022-12-11,Sunday,202,216,194,2.68,0,0,1,0,29.5,3.47
2022-12-12,Monday,599,587,556,4.14,1,0,0,0,36.9,6.42
2022-12-13,Tuesday,354,380,348,4.19,0,0,0,0,32.7,5.24
2022-12-14,Wednesday,275,293,255,4.44,0,0,0,1,29.5,2.14
2022-12-15,Thursday,192,178,167,4.57,0,0,0,0,19.3,1.64
2022-12-16,Friday,260,222,200,2.98,0,0,0,0,27.8,1.22
2022-12-17,Saturday,332,364,322,5.19,0,0,0,0,37.2,4.24
2022-12-18,Sunday,244,283,246,5.7,0,0,0,0,35.6,4.51
2022-12-19,Monday,523,537,475,6.3,0,0,0,0,31.3,4.31
2022-12-20,Tuesday,669,681,605,7.9,0,0,0,0,25.4,4.47
2022-12-21,Wednesday,509,506,489,1.0,0,0,0,0,29.3,3.72
2022-12-22,Thursday,430,472,419,5.62,0,0,0,1,32.9,5.77
2022-12-23,Friday,344,346,311,4.84,0,0,1,0,33.7,4.36
2022-12-24,Saturday,344,369,336,4.02,0,0,1,0,30.6,1.47
2022-12-25,Sunday,242,245,230,2.25,0,0,0,0,33.3,2.95
2022-12-26,Monday,210,204,195,3.83,0,0,0,0,28.7,1.27
2022-12-27,Tuesday,783,767,724,5.09,0,0,0,0,28.5,0.93
2022-12-28,Wednesday,200,187,181,2.74,1,0,0,0,26.7,1.75
2022-12-29,Thursday,552,485,468,2.84,0,0,0,0,31.1,2.26
2022-12-30,Friday,154,160,129,3.68,1,0,0,0,34.0,4.39
2022-12-31,Saturday,615,597,559,3.21,1,0,0,0,32.5,5.31
2023-01-01,Sunday,753,773,708,5.22,0,0,1,0,22.9,6.24
2023-01-02,Monday,683,703,624,5.15,0,0,0,1,23.2,5.27
2023-01-03,Tuesday,554,540,505,3.73,1,0,0,0,34.5,6.15
2023-01-04,Wednesday,662,727,646,7.61,1,0,0,0,29.9,10.85
2023-01-05,Thursday,794,850,770,8.38,0,0,0,0,30.1,6.25
2023-01-06,Friday,382,455,414,4.66,1,0,1,0,30.0,5.16
2023-01-07,Saturday,673,676,644,4.12,1,0,0,0,37.8,4.86
2023-01-08,Sunday,495,434,415,3.8,0,0,0,0,26.8,4.47
2023-01-09,Monday,195,219,200,5.32,1,0,0,1,34.6,4.2
2023-01-10,Tuesday,695,698,663,4.02,0,0,0,1,30.2,3.39
2023-01-11,Wednesday,227,50,48,3.44,0,1,0,0,21.0,2.55
2023-01-12,Thursday,222,209,204,3.44,1,0,0,0,24.9,3.25
2023-01-13,Friday,398,439,402,3.41,1,0,1,0,26.0,4.53
2023-01-14,Saturday,196,221,200,4.93,0,0,0,1,34.5,0.6
2023-01-15,Sunday,270,261,222,1.0,0,0,0,0,35.1,3.15
2023-01-16,Monday,363,386,368,5.4,0,0,1,0,30.8,3.45
2023-01-17,Tuesday,388,358,312,2.88,1,0,0,0,26.4,5.85
2023-01-18,Wednesday,205,189,180,2.74,0,0,0,0,24.4,0.5
2023-01-19,Thursday,499,506,439,7.68,1,0,0,0,34.7,8.16
2023-01-20,Friday,256,268,231,3.77,1,0,0,0,22.6,5.83
2023-01-21,Saturday,197,200,175,4.3,0,0,0,0,28.5,0.5
2023-01-22,Sunday,722,771,742,5.62,0,0,0,1,40.8,2.21
2023-01-23,Monday,486,444,412,7.59,0,0,0,0,26.4,4.38
2023-01-24,Tuesday,175,150,140,3.02,0,0,0,0,22.6,2.79
2023-01-25,Wednesday,406,412,376,4.8,0,0,0,0,20.2,6.41
2023-01-26,Thursday,157,157,159,2.46,0,0,1,0,41.0,1.67
2023-01-27,Friday,774,845,773,6.06,0,0,1,0,30.7,5.8
2023-01-28,Saturday,402,446,407,2.22,0,0,1,0,24.7,0.5
2023-01-29,Sunday,452,411,379,2.24,0,0,0,0,28.1,5.27
2023-01-30,Monday,788,800,728,6.43,0,0,0,1,25.7,5.21
2023-01-31,Tuesday,205,195,169,4.54,0,0,0,0,19.7,2.91
2023-02-01,Wednesday,675,678,617,8.13,0,0,0,0,32.9,6.15
2023-02-02,Thursday,623,618,547,6.03,0,0,0,0,29.2,5.81
2023-02-03,Friday,177,167,163,5.47,0,0,0,0,32.5,0.5
2023-02-04,Saturday,227,216,197,1.38,0,0,0,0,29.0,4.26
2023-02-05,Sunday,365,353,335,3.87,1,0,1,0,29.7,1.97
2023-02-06,Monday,535,521,494,3.5,0,0,0,0,17.8,2.44
2023-02-07,Tuesday,514,540,485,3.16,0,0,0,0,33.5,4.06
2023-02-08,Wednesday,675,719,661,2.64,1,0,0,1,23.6,7.08
2023-02-09,Thursday,461,477,423,4.69,0,0,1,0,24.8,4.47
2023-02-10,Friday,156,161,150,2.46,0,0,0,0,26.4,0.89
2023-02-11,Saturday,152,129,122,1.29,1,0,1,0,18.7,3.85
2023-02-12,Sunday,772,776,704,7.83,1,0,1,0,26.1,8.69
2023-02-13,Monday,512,478,433,4.24,1,0,0,0,25.7,8.22
2023-02-14,Tuesday,657,567,536,2.43,1,0,0,0,27.1,1.85
2023-02-15,Wednesday,423,447,425,3.29,0,0,0,0,20.5,2.09
2023-02-16,Thursday,655,594,551,3.73,0,0,0,0,33.6,2.7
2023-02-17,Friday,164,64,40,6.78,0,1,0,0,31.0,4.08
2023-02-18,Saturday,341,310,274,3.91,0,0,0,0,24.7,1.33
2023-02-19,Sunday,780,874,779,6.07,0,0,1,0,26.1,9.77
2023-02-20,Monday,634,706,686,6.56,1,0,1,1,33.2,5.56
2023-02-21,Tuesday,177,167,170,3.64,0,0,0,0,27.7,2.77
2023-02-22,Wednesday,188,175,162,3.41,0,0,0,0,22.8,2.74
2023-02-23,Thursday,422,395,360,2.99,1,0,0,0,28.6,5.95
2023-02-24,Friday,380,356,333,5.14,1,0,0,0,23.6,4.87
2023-02-25,Saturday,235,249,221,1.41,0,0,0,1,25.5,2.03
2023-02-26,Sunday,623,549,525,5.07,1,0,0,0,28.7,6.84
2023-02-27,Monday,275,275,247,4.49,1,0,0,0,34.3,5.07
2023-02-28,Tuesday,686,621,595,5.71,0,0,0,0,39.1,6.34
2023-03-01,Wednesday,294,320,277,1.0,0,0,1,0,35.8,6.09
2023-03-02,Thursday,674,674,603,4.75,0,0,0,0,28.6,6.1
2023-03-03,Friday,361,361,335,2.13,0,0,0,0,40.3,2.64
2023-03-04,Saturday,174,215,179,2.47,0,0,0,0,31.8,4.47
2023-03-05,Sunday,729,231,202,4.86,1,1,0,0,24.1,8.29
2023-03-06,Monday,543,546,497,4.66,1,0,0,0,29.5,3.92
2023-03-07,Tuesday,216,68,64,1.15,1,1,0,0,25.7,4.98
2023-03-08,Wednesday,382,416,382,2.38,1,0,0,0,22.8,5.02
2023-03-09,Thursday,258,256,236,1.87,1,0,0,0,23.1,4.68
2023-03-10,Friday,295,277,249,5.6,0,0,0,0,28.3,2.26
2023-03-11,Saturday,260,234,218,3.26,0,0,0,0,32.8,0.68
2023-03-12,Sunday,377,99,80,5.04,1,1,0,0,34.3,5.61
2023-03-13,Monday,260,267,238,8.89,0,0,1,0,22.8,5.69
2023-03-14,Tuesday,619,571,530,4.72,0,0,0,0,27.5,1.79
2023-03-15,Wednesday,183,176,171,1.0,0,0,1,0,31.4,0.5
2023-03-16,Thursday,772,815,756,5.5,1,0,0,0,29.8,5.74
2023-03-17,Friday,518,606,524,10.39,0,0,1,0,32.5,8.79
2023-03-18,Saturday,744,774,688,9.19,1,0,0,0,26.8,11.92
2023-03-19,Sunday,703,638,576,4.75,0,0,0,0,35.4,5.26
2023-03-20,Monday,574,507,462,4.43,0,0,0,0,29.0,4.9
2023-03-21,Tuesday,762,682,662,5.0,0,0,0,0,32.8,2.66
2023-03-22,Wednesday,667,621,592,4.96,1,0,0,0,27.1,4.66
2023-03-23,Thursday,431,359,334,5.29,0,0,0,0,29.3,2.01
2023-03-24,Friday,469,149,140,2.56,1,1,0,0,21.0,4.75
2023-03-25,Saturday,592,624,555,6.99,0,0,0,0,24.8,5.38
2023-03-26,Sunday,464,463,420,4.32,0,0,0,0,28.0,6.92
2023-03-27,Monday,526,563,490,9.02,0,0,0,0,29.5,5.7
2023-03-28,Tuesday,438,448,424,1.07,0,0,0,0,42.0,3.51
2023-03-29,Wednesday,586,574,497,3.99,0,0,0,0,27.1,9.61
2023-03-30,Thursday,426,129,118,1.82,0,1,0,0,22.1,3.81
2023-03-31,Friday,731,885,794,6.28,1,0,1,1,37.5,8.04
2023-04-01,Saturday,652,177,162,1.0,0,1,0,0,34.4,0.92
2023-04-02,Sunday,773,759,686,3.44,0,0,0,0,23.2,6.22
2023-04-03,Monday,665,634,592,6.73,1,0,1,0,31.3,6.14
2023-04-04,Tuesday,499,478,456,3.41,0,0,0,0,33.2,3.11
2023-04-05,Wednesday,595,560,497,5.53,0,0,0,0,29.8,6.85
2023-04-06,Thursday,499,461,425,4.58,0,0,0,0,30.6,4.02
2023-04-07,Friday,756,770,666,11.1,0,0,0,0,25.8,8.75
2023-04-08,Saturday,286,291,270,3.86,0,0,0,1,31.5,2.46
2023-04-09,Sunday,392,406,350,5.38,1,0,0,0,26.5,8.21
2023-04-10,Monday,692,640,603,3.39,0,0,0,0,15.8,3.29
2023-04-11,Tuesday,189,173,169,3.8,0,0,0,0,30.0,4.29
2023-04-12,Wednesday,378,356,333,3.65,0,0,0,0,20.6,3.75
2023-04-13,Thursday,697,681,606,9.6,1,0,0,0,34.1,10.37
2023-04-14,Friday,372,372,332,4.41,0,0,0,0,23.3,3.21
2023-04-15,Saturday,155,168,155,5.03,1,0,0,0,16.7,3.21
2023-04-16,Sunday,471,424,383,3.48,1,0,0,0,20.2,5.87
2023-04-17,Monday,617,557,526,2.91,1,0,0,0,28.8,4.66
2023-04-18,Tuesday,224,50,48,1.0,1,1,1,0,29.9,4.76
2023-04-19,Wednesday,153,168,147,5.09,0,0,1,0,21.9,2.75
2023-04-20,Thursday,795,812,716,7.71,1,0,0,0,23.6,9.41
2023-04-21,Friday,267,286,245,5.91,0,0,0,0,29.0,4.3
2023-04-22,Saturday,755,900,800,11.05,1,0,0,1,33.9,9.19
2023-04-23,Sunday,653,638,598,3.18,0,0,0,0,22.9,4.85
2023-04-24,Monday,723,763,705,3.89,1,0,0,0,30.9,5.52
2023-04-25,Tuesday,590,621,534,5.87,0,0,0,1,20.3,9.27
2023-04-26,Wednesday,343,355,328,1.0,0,0,0,0,30.6,0.5
2023-04-27,Thursday,541,473,437,4.13,1,0,0,0,32.8,4.88
2023-04-28,Friday,175,197,162,6.02,0,0,1,0,31.6,4.47
2023-04-29,Saturday,584,573,546,4.07,0,0,0,0,34.0,2.15
2023-04-30,Sunday,322,256,259,1.0,0,0,0,0,33.6,0.5
2023-05-01,Monday,449,459,440,2.9,1,0,0,1,38.2,6.21
2023-05-02,Tuesday,794,713,659,5.7,0,0,0,0,29.5,6.64
2023-05-03,Wednesday,475,416,408,4.67,0,0,0,0,38.2,0.5
2023-05-04,Thursday,559,572,540,5.69,0,0,0,0,24.3,2.24
2023-05-05,Friday,267,248,221,3.36,0,0,0,0,28.0,0.71
2023-05-06,Saturday,374,360,318,4.18,1,0,0,0,28.4,4.59
2023-05-07,Sunday,681,664,597,7.25,1,0,0,0,23.8,9.81
2023-05-08,Monday,262,284,255,3.03,0,0,0,0,17.2,2.27
2023-05-09,Tuesday,289,248,229,5.08,0,0,0,0,33.3,2.04
2023-05-10,Wednesday,708,725,642,5.88,1,0,1,0,24.4,9.01
2023-05-11,Thursday,150,186,152,7.16,0,0,0,0,27.0,4.48
2023-05-12,Friday,239,220,194,4.35,0,0,0,0,36.9,2.47
2023-05-13,Saturday,469,440,392,1.61,0,0,0,0,31.9,5.17
2023-05-14,Sunday,699,722,676,6.18,0,0,0,0,37.7,2.37
2023-05-15,Monday,288,89,77,3.62,0,1,0,0,29.6,3.48
2023-05-16,Tuesday,660,222,211,3.98,0,1,0,1,31.8,4.75
2023-05-17,Wednesday,408,341,314,8.04,0,0,0,0,27.8,1.89
2023-05-18,Thursday,159,180,176,2.25,0,0,1,0,24.8,0.5
2023-05-19,Friday,410,467,425,2.02,1,0,0,0,31.8,1.93
2023-05-20,Saturday,799,722,689,6.6,0,0,0,0,26.8,3.59
2023-05-21,Sunday,321,317,281,1.28,1,0,0,0,32.2,3.24
2023-05-22,Monday,162,166,152,1.93,0,0,0,0,26.1,3.9
2023-05-23,Tuesday,317,300,286,3.35,1,0,0,0,28.1,2.57
2023-05-24,Wednesday,791,774,722,3.74,1,0,0,0,28.5,6.28
2023-05-25,Thursday,745,757,671,7.12,1,0,0,0,34.4,11.05
2023-05-26,Friday,470,480,440,4.46,1,0,0,0,26.9,2.15
2023-05-27,Saturday,468,458,429,6.86,0,0,0,0,34.9,4.18
2023-05-28,Sunday,762,663,642,1.0,0,0,0,0,24.5,0.5
2023-05-29,Monday,478,444,419,4.03,0,0,0,0,30.3,0.74
2023-05-30,Tuesday,699,693,644,3.54,0,0,0,0,25.6,3.32
2023-05-31,Wednesday,568,644,574,5.34,0,0,1,0,34.6,6.07
2023-06-01,Thursday,755,794,739,6.75,1,0,0,1,24.9,5.96
2023-06-02,Friday,244,248,237,4.04,0,0,0,0,25.4,1.09
2023-06-03,Saturday,730,830,749,7.57,0,0,0,1,22.7,8.33
2023-06-04,Sunday,467,454,405,2.93,1,0,0,0,29.5,6.89
2023-06-05,Monday,385,370,362,5.08,0,0,0,0,32.0,5.87
2023-06-06,Tuesday,483,148,122,2.35,0,1,1,0,31.4,3.75
2023-06-07,Wednesday,525,494,436,8.19,1,0,0,0,28.3,7.58
2023-06-08,Thursday,608,629,554,5.46,0,0,0,0,25.7,8.72
2023-06-09,Friday,286,292,267,5.73,0,0,0,0,27.6,0.95
2023-06-10,Saturday,737,774,700,6.75,1,0,0,0,27.8,9.14
2023-06-11,Sunday,696,698,654,1.91,1,0,0,1,30.3,3.42
2023-06-12,Monday,662,629,569,5.16,1,0,0,0,29.9,7.29
2023-06-13,Tuesday,445,431,399,7.32,0,0,0,0,37.7,5.19
2023-06-14,Wednesday,469,473,437,5.96,1,0,0,0,29.2,2.26
2023-06-15,Thursday,721,243,218,3.09,0,1,0,0,30.8,2.54
2023-06-16,Friday,498,509,456,7.76,0,0,0,0,29.4,4.69
2023-06-17,Saturday,378,402,344,6.2,0,0,0,0,27.4,3.03
2023-06-18,Sunday,419,398,357,7.71,0,0,0,0,30.8,4.9
2023-06-19,Monday,440,134,119,3.18,0,1,0,0,26.9,5.18
2023-06-20,Tuesday,314,309,276,3.79,0,0,0,0,28.7,1.48
2023-06-21,Wednesday,154,178,162,5.16,0,0,0,0,34.8,3.99
2023-06-22,Thursday,528,503,437,6.58,0,0,0,0,26.6,6.22
2023-06-23,Friday,227,195,197,3.39,1,0,0,0,30.9,0.5
2023-06-24,Saturday,559,579,522,4.08,0,0,0,1,16.6,4.83
2023-06-25,Sunday,723,699,634,8.18,0,0,0,0,28.1,6.74
2023-06-26,Monday,281,263,249,5.04,0,0,0,1,26.5,4.59
2023-06-27,Tuesday,750,701,668,6.75,0,0,0,0,29.6,4.95
2023-06-28,Wednesday,191,194,174,1.15,0,0,0,0,27.8,0.92
2023-06-29,Thursday,238,214,195,1.45,0,0,0,0,29.7,2.15
2023-06-30,Friday,551,177,147,2.81,0,1,0,0,27.1,0.5
2023-07-01,Saturday,445,449,409,4.27,1,0,0,0,30.9,6.59
2023-07-02,Sunday,444,119,112,1.0,0,1,0,0,20.4,0.7
2023-07-03,Monday,765,720,660,6.95,0,0,0,0,29.6,3.93
2023-07-04,Tuesday,675,653,608,4.19,0,0,0,0,24.3,4.07
2023-07-05,Wednesday,786,866,760,10.59,0,0,0,0,34.8,7.95
2023-07-06,Thursday,571,571,536,8.2,0,0,0,1,24.2,4.09
2023-07-07,Friday,172,195,166,3.03,0,0,0,0,34.0,4.63
2023-07-08,Saturday,724,783,702,5.57,0,0,0,0,28.9,5.11
2023-07-09,Sunday,292,261,247,4.62,1,0,1,0,19.9,3.47
2023-07-10,Monday,294,103,96,3.06,1,1,0,0,24.6,3.4
2023-07-11,Tuesday,374,349,310,5.31,0,0,0,0,33.2,4.41
2023-07-12,Wednesday,652,775,672,10.56,1,0,0,1,33.0,10.03
2023-07-13,Thursday,765,692,627,5.59,0,0,0,0,22.5,6.39
2023-07-14,Friday,253,246,245,1.0,1,0,0,0,36.8,3.88
2023-07-15,Saturday,188,178,155,1.55,0,0,0,0,28.9,3.61
2023-07-16,Sunday,347,320,322,2.07,0,0,0,1,33.4,0.5
2023-07-17,Monday,795,739,645,7.04,1,0,0,0,22.9,11.17
2023-07-18,Tuesday,728,700,623,8.29,1,0,0,0,26.7,7.06
2023-07-19,Wednesday,540,596,510,9.74,1,0,1,0,31.1,10.3
2023-07-20,Thursday,328,314,272,7.31,0,0,0,0,27.4,6.71
2023-07-21,Friday,703,629,605,2.56,1,0,0,0,15.0,6.65
2023-07-22,Saturday,597,566,520,3.58,1,0,0,0,28.0,7.13
2023-07-23,Sunday,649,605,576,1.0,0,0,0,0,19.2,1.6
2023-07-24,Monday,164,152,151,2.56,0,0,0,0,23.6,2.05
2023-07-25,Tuesday,772,703,640,7.56,0,0,0,0,22.0,6.27
2023-07-26,Wednesday,438,423,405,2.22,1,0,0,0,34.7,5.16
2023-07-27,Thursday,627,684,602,4.35,0,0,0,0,36.2,6.22
2023-07-28,Friday,380,399,336,9.36,0,0,1,0,30.7,9.45
2023-07-29,Saturday,569,545,502,3.6,0,0,0,0,27.8,4.27
2023-07-30,Sunday,306,257,241,3.18,0,0,0,0,29.1,3.09
2023-07-31,Monday,699,720,631,6.56,0,0,0,0,34.7,6.21
2023-08-01,Tuesday,590,611,533,4.39,0,0,0,0,19.1,8.5
2023-08-02,Wednesday,246,241,209,5.88,1,0,0,0,23.6,2.16
2023-08-03,Thursday,560,546,479,3.04,0,0,0,0,34.0,5.84
2023-08-04,Friday,438,476,424,7.38,1,0,0,0,35.1,7.62
2023-08-05,Saturday,403,387,377,3.53,0,0,0,0,31.9,1.66
2023-08-06,Sunday,345,316,273,4.38,0,0,0,0,23.8,1.13
2023-08-07,Monday,747,729,629,7.55,0,0,0,0,33.9,8.42
2023-08-08,Tuesday,671,792,687,9.09,0,0,1,0,35.8,11.14
2023-08-09,Wednesday,666,606,572,3.21,0,0,0,0,32.6,2.01
2023-08-10,Thursday,784,827,735,7.88,1,0,0,0,16.5,8.45
2023-08-11,Friday,267,277,243,2.77,0,0,0,0,29.6,1.3
2023-08-12,Saturday,308,293,260,1.0,0,0,0,0,31.9,4.66
2023-08-13,Sunday,377,379,335,6.03,0,0,1,0,26.4,4.62
2023-08-14,Monday,365,341,343,6.78,0,0,0,0,29.9,3.44
2023-08-15,Tuesday,164,163,155,3.96,1,0,0,1,26.4,4.06
2023-08-16,Wednesday,306,290,250,4.61,0,0,0,0,24.7,2.45
2023-08-17,Thursday,797,900,788,7.95,0,0,1,0,36.6,13.25
2023-08-18,Friday,410,398,358,4.04,0,0,0,0,30.1,2.86
2023-08-19,Saturday,306,302,280,3.0,0,0,0,1,23.5,1.29
2023-08-20,Sunday,196,204,182,4.07,0,0,0,0,22.1,2.57
2023-08-21,Monday,473,454,420,1.0,0,0,0,0,24.7,2.92
2023-08-22,Tuesday,279,323,290,1.0,0,0,0,1,24.7,4.2
2023-08-23,Wednesday,560,537,507,4.96,0,0,1,0,29.7,2.99
2023-08-24,Thursday,244,259,229,3.79,0,0,0,0,31.4,5.04
2023-08-25,Friday,776,809,742,4.41,1,0,0,0,31.4,7.12
2023-08-26,Saturday,441,462,405,3.81,0,0,0,0,25.2,3.51
2023-08-27,Sunday,432,418,363,4.52,1,0,0,0,33.6,4.21
2023-08-28,Monday,218,243,208,3.67,1,0,0,0,35.1,4.46
2023-08-29,Tuesday,160,155,150,5.34,0,0,1,0,27.7,2.72
2023-08-30,Wednesday,403,424,374,3.32,0,0,0,0,23.8,5.24
2023-08-31,Thursday,699,664,615,6.57,0,0,0,0,29.5,6.0
2023-09-01,Friday,283,286,261,4.94,1,0,0,0,39.8,3.51
2023-09-02,Saturday,172,202,176,3.55,0,0,0,0,23.7,4.83
2023-09-03,Sunday,495,537,464,7.89,0,0,0,0,26.4,7.53
2023-09-04,Monday,451,452,425,4.78,0,0,0,0,29.3,3.46
2023-09-05,Tuesday,512,536,494,2.55,1,0,0,1,31.7,3.32
2023-09-06,Wednesday,545,551,487,4.95,0,0,0,0,19.1,2.96
2023-09-07,Thursday,367,404,356,5.84,0,0,0,0,35.5,6.13
2023-09-08,Friday,290,260,252,1.86,0,0,0,1,35.5,4.68
2023-09-09,Saturday,765,842,728,9.87,0,0,0,0,26.9,12.18
2023-09-10,Sunday,359,410,357,7.51,0,0,1,0,42.0,6.74
2023-09-11,Monday,772,765,705,5.75,1,0,0,1,35.1,8.97
2023-09-12,Tuesday,765,731,682,4.1,1,0,1,0,34.9,6.13
2023-09-13,Wednesday,609,595,529,4.83,1,0,0,0,34.9,4.69
2023-09-14,Thursday,505,503,430,5.86,0,0,0,0,34.8,7.6
2023-09-15,Friday,473,468,416,4.58,0,0,0,0,28.9,7.44
2023-09-16,Saturday,282,277,248,5.65,0,0,0,0,28.4,3.9
2023-09-17,Sunday,276,282,270,2.1,0,0,0,0,24.3,1.19
2023-09-18,Monday,255,239,226,2.9,0,0,0,0,26.1,2.22
2023-09-19,Tuesday,753,761,690,7.81,0,0,0,0,27.4,7.53
2023-09-20,Wednesday,527,532,495,3.94,0,0,0,0,29.3,5.89
2023-09-21,Thursday,200,209,189,2.8,0,0,1,0,37.0,2.58
2023-09-22,Friday,178,57,50,4.45,0,1,0,0,18.5,3.6
2023-09-23,Saturday,611,624,567,7.72,1,0,0,0,35.7,9.02
2023-09-24,Sunday,445,143,136,2.95,0,1,0,0,23.9,3.38
2023-09-25,Monday,446,430,419,6.09,1,0,0,0,28.5,3.75
2023-09-26,Tuesday,556,580,503,7.03,1,0,0,0,25.4,6.73
2023-09-27,Wednesday,762,657,628,5.67,0,0,0,0,38.3,4.23
2023-09-28,Thursday,554,577,529,8.66,0,0,1,0,26.5,6.66
2023-09-29,Friday,495,487,460,2.85,0,0,1,0,31.6,0.5
2023-09-30,Saturday,771,800,741,4.81,1,0,0,0,31.9,6.84
2023-10-01,Sunday,569,165,148,4.87,0,1,0,0,23.2,3.2
2023-10-02,Monday,331,309,293,3.09,1,0,1,0,28.5,0.5
2023-10-03,Tuesday,150,136,127,1.3,0,0,0,0,35.0,1.63
2023-10-04,Wednesday,716,243,220,3.14,1,1,1,1,24.6,6.62
2023-10-05,Thursday,520,455,441,1.0,1,0,0,0,33.1,3.03
2023-10-06,Friday,580,539,519,3.64,0,0,0,0,27.3,0.5
2023-10-07,Saturday,458,471,421,5.54,0,0,0,0,34.8,5.23
2023-10-08,Sunday,286,266,250,5.33,0,0,0,0,37.7,3.77
2023-10-09,Monday,351,96,87,5.12,0,1,0,0,19.0,1.65
2023-10-10,Tuesday,585,532,507,3.3,0,0,0,0,22.3,2.55
2023-10-11,Wednesday,462,451,424,7.78,1,0,0,0,26.8,4.63
2023-10-12,Thursday,266,261,256,1.0,0,0,0,1,36.3,0.82
2023-10-13,Friday,724,786,676,6.03,1,0,0,1,31.7,9.99
2023-10-14,Saturday,393,390,375,1.09,1,0,0,0,22.8,5.01
2023-10-15,Sunday,686,691,638,3.31,0,0,0,0,32.4,6.02
2023-10-16,Monday,751,669,651,4.85,1,0,0,0,24.4,2.9
2023-10-17,Tuesday,224,233,207,6.96,0,0,0,0,33.4,5.52
2023-10-18,Wednesday,535,553,470,10.17,1,0,1,0,31.7,6.71
2023-10-19,Thursday,359,92,100,1.0,0,1,1,0,24.4,0.5
2023-10-20,Friday,624,651,571,8.44,0,0,0,0,28.7,8.34
2023-10-21,Saturday,567,575,535,7.45,0,0,0,0,35.1,4.81
2023-10-22,Sunday,496,530,466,7.82,0,0,0,0,19.5,7.28
2023-10-23,Monday,678,193,179,2.13,0,1,1,0,30.5,2.88
2023-10-24,Tuesday,789,790,694,8.08,0,0,0,0,23.5,7.83
2023-10-25,Wednesday,328,280,262,1.78,0,0,0,0,28.9,3.57
2023-10-26,Thursday,331,341,283,7.04,1,0,0,0,31.3,7.67
2023-10-27,Friday,174,197,170,1.35,0,0,0,0,39.1,2.23
2023-10-28,Saturday,329,306,285,4.89,0,0,0,0,28.9,3.74
2023-10-29,Sunday,650,628,557,5.13,0,0,0,0,36.3,6.33
2023-10-30,Monday,310,316,285,4.86,1,0,1,0,24.8,4.65
2023-10-31,Tuesday,326,361,321,4.24,1,0,1,0,26.5,4.78
2023-11-01,Wednesday,434,402,378,3.17,0,0,0,0,31.9,1.06
2023-11-02,Thursday,212,218,191,5.69,0,0,0,0,30.0,2.13
2023-11-03,Friday,305,292,259,7.06,0,0,0,0,27.4,3.52
2023-11-04,Saturday,618,637,595,3.25,0,0,1,0,27.2,3.58
2023-11-05,Sunday,198,198,167,4.54,1,0,0,0,35.7,3.08
2023-11-06,Monday,233,220,194,1.97,0,0,0,0,27.6,2.72
2023-11-07,Tuesday,510,545,495,4.42,1,0,0,0,23.9,5.56
2023-11-08,Wednesday,297,256,247,1.69,0,0,0,0,24.7,0.5
2023-11-09,Thursday,779,768,707,3.59,1,0,0,0,32.3,7.74
2023-11-10,Friday,491,532,455,8.64,0,0,0,0,40.3,8.56
2023-11-11,Saturday,625,683,583,8.19,1,0,0,0,26.4,8.77
2023-11-12,Sunday,212,267,231,3.5,1,0,1,0,39.7,5.34
2023-11-13,Monday,509,566,507,5.64,1,0,1,0,28.9,4.42
2023-11-14,Tuesday,710,779,706,8.67,0,0,1,0,27.6,5.96
2023-11-15,Wednesday,476,144,135,4.84,0,1,0,1,24.4,2.02
2023-11-16,Thursday,290,271,253,4.49,0,0,0,0,28.0,1.9
2023-11-17,Friday,364,344,333,1.9,0,0,0,0,25.2,2.31
2023-11-18,Saturday,584,173,169,2.93,0,1,1,0,24.8,0.94
2023-11-19,Sunday,467,498,436,3.95,0,0,0,0,20.7,4.79
2023-11-20,Monday,181,184,157,3.83,0,0,0,0,37.8,4.21
2023-11-21,Tuesday,434,423,376,6.85,0,0,0,0,34.3,3.08
2023-11-22,Wednesday,454,479,416,8.06,0,0,0,0,30.4,8.43
2023-11-23,Thursday,578,616,542,5.41,0,0,0,0,28.3,5.83
2023-11-24,Friday,626,666,593,8.01,0,0,0,0,29.0,4.99
2023-11-25,Saturday,435,423,381,5.94,0,0,0,0,25.1,2.75
2023-11-26,Sunday,293,262,249,2.78,0,0,0,0,23.3,1.29
2023-11-27,Monday,573,572,524,6.48,0,0,1,0,32.6,5.51
2023-11-28,Tuesday,168,170,164,5.04,1,0,0,0,27.7,2.86
2023-11-29,Wednesday,167,206,177,5.63,1,0,0,0,30.6,6.27
2023-11-30,Thursday,739,734,635,6.05,1,0,0,0,20.7,11.48
2023-12-01,Friday,520,509,463,4.53,1,0,1,0,27.4,7.35
2023-12-02,Saturday,324,295,285,3.77,0,0,0,0,23.2,2.83
2023-12-03,Sunday,343,366,321,3.53,0,0,1,0,31.4,2.66
2023-12-04,Monday,651,719,640,9.65,0,0,0,0,34.0,9.42
2023-12-05,Tuesday,262,74,70,3.28,0,1,1,0,36.3,5.09
2023-12-06,Wednesday,263,258,238,2.78,0,0,1,0,25.9,3.64
2023-12-07,Thursday,371,409,344,5.15,0,0,0,0,23.4,5.53
2023-12-08,Friday,793,685,649,3.23,0,0,0,0,26.9,2.37
2023-12-09,Saturday,413,433,383,6.52,0,0,0,0,25.5,5.19
2023-12-10,Sunday,204,227,203,5.3,1,0,0,0,31.2,5.11
2023-12-11,Monday,792,782,716,4.94,0,0,0,0,22.0,4.96
2023-12-12,Tuesday,607,539,498,7.4,0,0,0,0,20.2,2.48
2023-12-13,Wednesday,311,317,275,4.11,0,0,0,0,27.3,5.3
2023-12-14,Thursday,529,518,449,4.86,0,0,0,0,32.6,7.14
2023-12-15,Friday,236,215,203,4.02,0,0,0,0,23.9,0.5
2023-12-16,Saturday,204,203,194,1.0,1,0,0,0,33.2,3.86
2023-12-17,Sunday,625,564,522,2.35,0,0,0,0,30.8,3.25
2023-12-18,Monday,327,359,316,3.15,0,0,0,0,36.7,4.78
2023-12-19,Tuesday,540,583,524,4.33,0,0,0,0,25.0,5.67
2023-12-20,Wednesday,498,466,431,5.77,0,0,0,0,21.0,4.0
2023-12-21,Thursday,157,128,124,1.0,1,0,1,0,32.0,1.35
2023-12-22,Friday,462,485,435,5.91,0,0,0,0,30.4,6.03
2023-12-23,Saturday,592,623,553,7.86,1,0,0,0,30.0,7.18
2023-12-24,Sunday,477,436,379,8.24,1,0,0,0,23.8,7.02
2023-12-25,Monday,203,206,193,2.33,1,0,0,0,32.9,2.52
2023-12-26,Tuesday,388,366,345,2.91,0,0,1,0,25.8,2.87
2023-12-27,Wednesday,378,373,349,7.49,0,0,1,0,30.0,2.89
2023-12-28,Thursday,728,732,702,6.59,0,0,0,0,26.7,2.12
2023-12-29,Friday,200,232,204,3.55,0,0,0,0,30.8,3.68
2023-12-30,Saturday,758,746,685,7.92,1,0,0,0,23.0,9.12
2023-12-31,Sunday,753,698,648,5.7,1,0,0,0,31.5,6.74
2024-01-01,Monday,413,387,345,4.84,1,0,1,0,32.3,4.93
2024-01-02,Tuesday,567,612,544,10.71,1,0,0,0,29.6,8.71
2024-01-03,Wednesday,245,219,205,5.2,0,0,0,0,37.2,1.1
2024-01-04,Thursday,237,239,205,7.77,0,0,0,0,30.0,4.69
2024-01-05,Friday,227,209,196,1.3,0,0,1,0,33.6,2.54
2024-01-06,Saturday,437,429,392,7.77,1,0,0,0,29.5,5.36
2024-01-07,Sunday,269,261,232,3.81,1,0,0,0,33.1,4.47
2024-01-08,Monday,640,585,558,3.68,0,0,0,0,21.3,1.17
2024-01-09,Tuesday,601,622,593,4.8,1,0,0,0,29.2,5.72
2024-01-10,Wednesday,649,697,601,8.7,1,0,0,0,23.4,9.87
2024-01-11,Thursday,314,320,271,7.09,1,0,1,0,29.7,2.16
2024-01-12,Friday,331,358,314,6.51,1,0,0,0,30.9,5.52
2024-01-13,Saturday,618,595,537,4.51,0,0,0,0,33.0,5.05
2024-01-14,Sunday,156,134,130,1.0,0,0,0,0,31.4,0.5
2024-01-15,Monday,479,155,140,2.98,0,1,0,0,27.3,4.21
2024-01-16,Tuesday,300,293,253,4.68,0,0,1,0,25.2,3.07
2024-01-17,Wednesday,234,218,197,3.82,0,0,0,0,17.3,1.37
2024-01-18,Thursday,296,274,258,5.84,0,0,0,0,29.3,4.17
2024-01-19,Friday,773,843,777,6.46,1,0,1,0,34.7,7.14
2024-01-20,Saturday,530,521,471,10.0,0,0,0,0,29.5,4.43
2024-01-21,Sunday,697,179,167,5.76,1,1,0,0,28.6,4.34
2024-01-22,Monday,434,429,388,4.21,0,0,0,0,29.7,2.5
2024-01-23,Tuesday,231,217,204,1.0,0,0,0,0,27.1,0.5
2024-01-24,Wednesday,663,618,587,8.5,0,0,0,0,30.0,2.09
2024-01-25,Thursday,672,701,615,6.72,0,0,0,0,27.0,8.04
2024-01-26,Friday,535,587,515,8.13,0,0,0,0,24.5,6.2
2024-01-27,Saturday,620,593,518,5.42,0,0,0,0,28.6,4.54
2024-01-28,Sunday,268,265,237,6.92,0,0,0,0,28.5,2.9
2024-01-29,Monday,545,544,487,7.16,0,0,0,0,38.4,8.83
2024-01-30,Tuesday,681,713,632,5.0,0,0,1,0,25.0,7.85
2024-01-31,Wednesday,410,449,407,1.29,1,0,0,0,28.2,5.43
2024-02-01,Thursday,405,398,350,5.48,0,0,0,0,27.7,2.87
2024-02-02,Friday,375,369,350,4.44,0,0,0,0,26.8,2.76
2024-02-03,Saturday,202,239,209,5.52,1,0,0,0,31.6,4.48
2024-02-04,Sunday,649,193,177,1.98,0,1,0,0,40.2,1.28
2024-02-05,Monday,655,631,595,3.32,1,0,0,1,27.4,4.05
2024-02-06,Tuesday,513,562,502,2.4,1,0,0,0,31.6,5.15
2024-02-07,Wednesday,429,400,358,3.82,1,0,0,0,19.4,5.44
2024-02-08,Thursday,742,666,631,1.49,0,0,0,0,27.0,2.21
2024-02-09,Friday,307,320,283,3.25,1,0,0,0,36.8,3.98
2024-02-10,Saturday,781,228,198,4.74,1,1,1,0,28.7,5.06
2024-02-11,Sunday,208,199,187,3.72,0,0,0,1,31.5,2.87
2024-02-12,Monday,277,270,246,2.61,0,0,0,0,25.9,0.7
2024-02-13,Tuesday,264,239,226,3.7,0,0,0,0,30.3,0.87
2024-02-14,Wednesday,358,370,340,6.81,1,0,0,1,37.2,5.88
2024-02-15,Thursday,675,619,561,5.19,0,0,0,0,23.2,3.97
2024-02-16,Friday,670,665,607,3.39,1,0,0,0,39.9,8.71
2024-02-17,Saturday,701,252,214,6.0,0,1,0,0,21.3,6.87
2024-02-18,Sunday,386,391,352,6.61,1,0,0,0,26.6,7.82
2024-02-19,Monday,430,471,418,4.16,0,0,0,0,24.8,6.25
2024-02-20,Tuesday,508,607,531,5.44,0,0,0,1,27.6,6.75
2024-02-21,Wednesday,350,332,301,1.0,0,0,1,0,24.8,2.02
2024-02-22,Thursday,427,399,377,2.88,0,0,0,0,24.4,1.38
2024-02-23,Friday,384,394,362,2.6,0,0,1,0,23.1,1.89
2024-02-24,Saturday,643,662,617,2.23,0,0,0,0,32.2,1.7
2024-02-25,Sunday,153,51,43,2.28,0,1,0,0,27.8,1.37
2024-02-26,Monday,591,171,166,2.77,1,1,1,0,26.5,3.02
2024-02-27,Tuesday,178,211,182,3.76,1,0,0,0,30.4,3.71
2024-02-28,Wednesday,258,74,73,1.97,0,1,1,0,21.5,5.24
2024-02-29,Thursday,759,708,663,7.72,0,0,0,0,30.5,4.24
2024-03-01,Friday,224,223,201,4.26,0,0,0,0,28.5,1.77
2024-03-02,Saturday,295,314,265,6.37,1,0,1,0,28.7,9.21
2024-03-03,Sunday,277,297,259,7.85,0,0,0,0,31.6,2.72
2024-03-04,Monday,191,208,189,5.32,0,0,1,0,37.2,1.05
2024-03-05,Tuesday,505,546,491,5.03,0,0,1,0,30.6,4.9
2024-03-06,Wednesday,190,167,154,1.0,1,0,0,0,28.0,1.69
2024-03-07,Thursday,183,188,158,3.48,0,0,0,0,23.1,4.46
2024-03-08,Friday,166,144,142,5.23,1,0,0,0,17.0,2.9
2024-03-09,Saturday,302,288,265,5.53,0,0,0,0,29.6,0.73
2024-03-10,Sunday,527,176,159,2.77,0,1,0,0,22.7,3.11
2024-03-11,Monday,737,741,675,5.99,0,0,0,0,16.3,6.14
2024-03-12,Tuesday,748,718,679,4.88,0,0,0,0,27.2,1.84
2024-03-13,Wednesday,778,715,670,3.87,0,0,0,0,30.2,4.23
2024-03-14,Thursday,491,587,518,5.29,0,0,1,1,32.7,5.89
2024-03-15,Friday,176,192,170,2.54,0,0,0,0,34.3,0.5
2024-03-16,Saturday,436,473,404,7.18,0,0,0,0,33.4,4.15
2024-03-17,Sunday,795,843,756,5.38,0,0,0,0,33.5,5.72
2024-03-18,Monday,317,124,91,6.91,1,1,1,0,21.7,4.92
2024-03-19,Tuesday,759,741,676,6.06,0,0,0,0,28.3,5.77
2024-03-20,Wednesday,417,413,386,1.99,0,0,0,0,31.9,1.93
2024-03-21,Thursday,604,613,584,5.94,0,0,1,0,29.2,2.71
2024-03-22,Friday,550,584,535,7.9,0,0,0,0,28.2,3.9
2024-03-23,Saturday,625,598,550,10.79,0,0,0,0,29.1,6.85
2024-03-24,Sunday,783,886,778,10.91,0,0,1,1,30.2,9.03
2024-03-25,Monday,707,749,692,4.06,0,0,1,0,28.6,2.53
2024-03-26,Tuesday,725,659,591,6.62,0,0,0,0,24.8,6.33
2024-03-27,Wednesday,279,249,221,8.59,1,0,0,0,20.5,6.61
2024-03-28,Thursday,512,488,434,4.07,0,0,0,0,28.0,4.62
2024-03-29,Friday,441,369,341,1.75,0,0,0,0,29.3,1.81
2024-03-30,Saturday,520,550,483,5.48,0,0,0,0,29.2,5.39
2024-03-31,Sunday,178,168,164,1.0,0,0,0,0,33.8,0.5
2024-04-01,Monday,298,104,93,2.01,1,1,1,0,34.7,6.53
2024-04-02,Tuesday,445,130,114,2.19,0,1,0,0,28.5,4.82
2024-04-03,Wednesday,160,185,169,4.67,0,0,0,1,28.5,2.58
2024-04-04,Thursday,661,639,583,3.25,0,0,0,0,31.9,4.73
2024-04-05,Friday,262,259,234,4.11,0,0,0,0,31.1,0.52
2024-04-06,Saturday,336,295,280,1.95,0,0,0,0,26.8,1.09
2024-04-07,Sunday,376,348,322,4.92,0,0,0,0,32.3,4.12
2024-04-08,Monday,459,479,423,6.77,0,0,0,0,28.3,6.28
2024-04-09,Tuesday,247,218,196,5.32,0,0,0,0,28.4,1.94
2024-04-10,Wednesday,204,62,56,4.44,0,1,0,0,31.2,3.55
2024-04-11,Thursday,772,853,773,5.78,0,0,1,0,27.5,8.93
2024-04-12,Friday,555,528,491,4.53,0,0,0,0,29.5,3.41
2024-04-13,Saturday,218,179,177,5.26,1,0,0,0,30.5,4.19
2024-04-14,Sunday,461,526,464,6.71,0,0,0,1,33.1,7.34
2024-04-15,Monday,438,460,404,7.18,0,0,1,0,32.7,8.37
2024-04-16,Tuesday,697,716,637,4.65,0,0,0,0,30.3,6.63
2024-04-17,Wednesday,297,325,286,6.36,0,0,0,0,16.0,4.72
2024-04-18,Thursday,616,691,621,2.96,0,0,1,1,30.2,6.45
2024-04-19,Friday,393,395,376,1.0,1,0,1,0,31.0,2.79
2024-04-20,Saturday,640,587,571,1.76,1,0,0,0,32.0,4.99
2024-04-21,Sunday,656,631,570,6.62,0,0,0,0,24.2,5.45
2024-04-22,Monday,514,514,450,7.09,0,0,0,0,18.4,6.06
2024-04-23,Tuesday,631,725,622,6.7,0,0,0,0,33.0,5.64
2024-04-24,Wednesday,350,405,351,2.01,0,0,0,0,22.9,0.9
2024-04-25,Thursday,303,325,304,5.37,1,0,0,1,35.1,3.4
2024-04-26,Friday,599,647,584,7.02,0,0,1,0,26.1,1.05
2024-04-27,Saturday,650,619,558,6.63,0,0,0,0,23.9,8.15
2024-04-28,Sunday,222,214,196,6.96,0,0,0,0,30.7,4.18
2024-04-29,Monday,445,411,387,4.09,0,0,0,0,32.1,3.56
2024-04-30,Tuesday,166,144,124,1.81,1,0,0,1,31.8,4.64
2024-05-01,Wednesday,790,242,232,5.44,0,1,0,0,31.5,2.29
2024-05-02,Thursday,366,102,87,2.59,0,1,0,0,25.5,2.96
2024-05-03,Friday,210,194,193,2.37,0,0,0,0,21.4,0.5
2024-05-04,Saturday,765,822,712,7.58,1,0,0,0,27.1,13.04
2024-05-05,Sunday,191,199,174,2.38,1,0,1,0,23.3,0.5
2024-05-06,Monday,174,190,161,3.34,0,0,0,0,31.2,4.52
2024-05-07,Tuesday,188,192,169,6.5,0,0,0,0,33.4,0.5
2024-05-08,Wednesday,280,274,258,1.46,0,0,1,0,29.9,1.09
2024-05-09,Thursday,647,643,583,7.73,0,0,0,0,29.0,4.76
2024-05-10,Friday,378,414,362,2.03,0,0,0,0,27.4,4.28
2024-05-11,Saturday,257,273,238,7.31,0,0,1,0,33.9,3.26
2024-05-12,Sunday,321,275,248,7.06,0,0,0,0,19.8,2.68
2024-05-13,Monday,584,160,152,1.1,0,1,0,0,23.0,2.55
2024-05-14,Tuesday,627,682,603,6.99,1,0,0,0,38.1,9.62
2024-05-15,Wednesday,251,249,212,5.69,0,0,1,0,22.7,5.39
2024-05-16,Thursday,673,698,620,5.7,0,0,0,0,31.7,7.92
2024-05-17,Friday,424,413,390,7.15,0,0,0,0,32.7,0.69
2024-05-18,Saturday,762,667,635,4.3,0,0,0,0,19.4,6.31
2024-05-19,Sunday,193,222,200,2.77,0,0,0,0,20.3,0.5
2024-05-20,Monday,166,50,40,3.19,1,1,0,0,35.3,4.21
2024-05-21,Tuesday,479,496,450,3.7,0,0,0,0,24.1,5.63
2024-05-22,Wednesday,718,605,583,3.75,1,0,0,0,24.3,4.04
2024-05-23,Thursday,646,684,628,4.77,0,0,0,0,26.4,4.36
2024-05-24,Friday,161,219,188,2.8,0,0,0,1,24.1,4.9
2024-05-25,Saturday,467,136,122,4.71,0,1,0,0,31.6,4.78
2024-05-26,Sunday,741,732,649,4.02,0,0,1,0,23.1,7.55
2024-05-27,Monday,365,351,318,7.49,0,0,0,0,19.2,3.45
2024-05-28,Tuesday,488,490,477,3.63,1,0,1,0,34.8,1.86
2024-05-29,Wednesday,230,247,239,6.26,1,0,1,0,23.3,2.09
2024-05-30,Thursday,634,668,612,7.31,1,0,0,0,25.2,7.1
2024-05-31,Friday,523,548,474,4.15,1,0,0,0,33.1,4.83
2024-06-01,Saturday,349,370,335,4.55,1,0,1,0,29.4,5.12
2024-06-02,Sunday,686,625,586,1.41,0,0,0,0,34.6,4.56
2024-06-03,Monday,615,637,604,2.69,0,0,1,0,33.2,1.94
2024-06-04,Tuesday,238,232,196,4.23,0,0,0,0,26.7,3.6
2024-06-05,Wednesday,417,414,395,2.28,0,0,0,0,34.1,2.44
2024-06-06,Thursday,720,766,691,5.77,1,0,0,0,29.8,9.59
2024-06-07,Friday,638,647,564,5.86,0,0,0,0,26.0,6.89
2024-06-08,Saturday,687,725,657,10.25,0,0,1,0,30.5,10.02
2024-06-09,Sunday,196,197,179,3.7,1,0,0,0,22.5,3.5
2024-06-10,Monday,437,406,369,5.66,0,0,0,0,33.2,1.22
2024-06-11,Tuesday,165,187,171,3.29,0,0,1,0,32.5,1.03
2024-06-12,Wednesday,550,541,474,6.79,1,0,0,0,29.6,8.75
2024-06-13,Thursday,235,257,224,1.0,1,0,0,0,19.4,5.51
2024-06-14,Friday,399,417,367,8.26,0,0,0,0,34.8,1.84
2024-06-15,Saturday,540,563,505,4.39,1,0,0,0,31.2,6.62
2024-06-16,Sunday,484,515,447,8.3,1,0,0,0,28.9,7.25
2024-06-17,Monday,778,773,729,7.05,1,0,0,0,28.1,7.0
2024-06-18,Tuesday,668,618,573,1.74,1,0,0,0,26.3,3.17
2024-06-19,Wednesday,286,289,261,4.14,0,0,0,0,27.3,5.1
2024-06-20,Thursday,647,671,586,7.9,0,0,0,0,32.8,4.24
2024-06-21,Friday,626,776,674,8.31,0,0,0,1,26.4,7.9
2024-06-22,Saturday,743,715,685,4.15,0,0,0,0,27.6,1.44
2024-06-23,Sunday,372,376,344,3.48,0,0,0,0,28.4,4.16
2024-06-24,Monday,521,564,493,5.12,0,0,0,0,28.5,3.04
2024-06-25,Tuesday,551,532,501,6.11,0,0,0,0,25.9,3.12
2024-06-26,Wednesday,592,607,576,4.92,0,0,1,0,28.1,2.64
2024-06-27,Thursday,639,582,557,4.21,0,0,0,0,30.7,1.23
2024-06-28,Friday,764,693,653,1.82,1,0,0,0,24.5,6.61
2024-06-29,Saturday,422,411,371,4.24,0,0,0,0,28.2,6.46
2024-06-30,Sunday,675,680,617,5.86,0,0,0,0,38.7,4.35
2024-07-01,Monday,308,275,246,5.61,0,0,0,0,28.7,3.62
2024-07-02,Tuesday,301,322,289,1.18,0,0,0,0,24.3,1.47
2024-07-03,Wednesday,769,779,734,3.0,1,0,0,0,23.8,3.36
2024-07-04,Thursday,337,98,93,6.01,0,1,0,0,22.7,0.89
2024-07-05,Friday,247,298,253,3.54,0,0,1,0,37.1,2.21
2024-07-06,Saturday,280,290,246,1.59,0,0,0,0,34.0,5.37
2024-07-07,Sunday,320,300,292,1.68,0,0,0,0,22.6,1.45
2024-07-08,Monday,332,347,316,2.78,0,0,0,0,30.1,1.23
2024-07-09,Tuesday,513,546,495,6.48,0,0,0,0,35.1,3.23
2024-07-10,Wednesday,188,182,161,4.8,0,0,0,0,28.8,0.67
2024-07-11,Thursday,676,612,579,2.57,1,0,0,0,26.5,1.2
2024-07-12,Friday,646,587,533,4.79,0,0,0,0,40.2,5.68
2024-07-13,Saturday,665,675,632,5.83,0,0,0,0,19.5,3.59
2024-07-14,Sunday,498,511,446,7.1,0,0,0,0,42.0,7.91
2024-07-15,Monday,546,586,555,2.34,0,0,0,1,29.3,0.5
2024-07-16,Tuesday,310,328,298,2.49,0,0,0,0,35.5,4.23
2024-07-17,Wednesday,165,132,128,6.53,0,0,0,0,23.0,3.03
2024-07-18,Thursday,642,679,643,4.01,1,0,1,1,25.4,6.86
2024-07-19,Friday,575,610,536,9.26,0,0,0,0,23.6,7.58
2024-07-20,Saturday,257,240,214,4.34,1,0,0,0,28.5,5.5
2024-07-21,Sunday,599,643,580,7.94,0,0,0,0,30.5,6.89
2024-07-22,Monday,460,463,408,6.65,1,0,0,0,34.3,5.16
2024-07-23,Tuesday,319,332,321,3.41,0,0,1,0,20.4,0.71
2024-07-24,Wednesday,695,663,595,6.53,1,0,0,0,29.8,6.61
2024-07-25,Thursday,563,523,475,2.91,0,0,0,0,33.5,5.4
2024-07-26,Friday,400,398,384,2.97,1,0,0,0,34.4,5.07
2024-07-27,Saturday,290,298,275,2.83,1,0,0,0,26.8,4.93
2024-07-28,Sunday,423,415,358,5.04,0,0,0,0,26.9,4.47
2024-07-29,Monday,565,626,551,5.96,0,0,0,0,28.5,4.27
2024-07-30,Tuesday,757,765,667,8.18,1,0,0,0,29.9,11.51
2024-07-31,Wednesday,188,75,59,4.53,0,1,0,0,35.5,4.18
2024-08-01,Thursday,178,150,141,2.75,0,0,0,0,22.9,1.73
2024-08-02,Friday,626,667,576,9.22,1,0,1,0,25.1,9.33
2024-08-03,Saturday,467,478,423,4.78,0,0,0,0,22.3,4.07
2024-08-04,Sunday,394,404,344,5.96,0,0,0,0,31.1,4.63
2024-08-05,Monday,421,420,385,8.97,0,0,0,0,34.5,3.22
2024-08-06,Tuesday,589,565,514,3.14,1,0,0,0,21.9,6.12
2024-08-07,Wednesday,388,415,365,4.49,0,0,0,0,29.4,5.74
2024-08-08,Thursday,526,489,452,1.27,0,0,1,0,34.1,2.97
2024-08-09,Friday,415,405,364,5.17,0,0,0,0,32.9,1.76
2024-08-10,Saturday,508,465,446,3.57,1,0,1,0,32.9,6.2
2024-08-11,Sunday,489,498,460,4.82,0,0,0,0,23.1,4.2
2024-08-12,Monday,538,502,481,2.01,0,0,0,0,32.8,0.73
2024-08-13,Tuesday,726,722,676,3.66,0,0,0,0,28.1,3.27
2024-08-14,Wednesday,152,182,153,4.19,1,0,0,0,34.4,3.78
2024-08-15,Thursday,578,556,532,1.29,1,0,0,0,31.2,3.5
2024-08-16,Friday,291,105,94,4.69,0,1,0,0,24.9,0.84
2024-08-17,Saturday,525,489,445,2.42,0,0,1,0,30.4,3.7
2024-08-18,Sunday,473,463,440,3.49,1,0,1,0,33.1,4.76
2024-08-19,Monday,295,290,270,2.82,0,0,0,0,26.5,2.72
2024-08-20,Tuesday,442,444,399,4.07,0,0,0,0,29.6,4.97
2024-08-21,Wednesday,581,478,461,1.0,1,0,0,0,22.3,3.73
2024-08-22,Thursday,734,734,684,5.17,1,0,0,0,31.7,6.26
2024-08-23,Friday,548,179,165,1.1,0,1,0,1,28.7,3.78
2024-08-24,Saturday,493,472,448,4.07,0,0,0,0,33.6,2.27
2024-08-25,Sunday,289,281,256,2.51,0,0,0,0,31.6,0.75
2024-08-26,Monday,336,354,320,4.28,0,0,0,1,27.0,4.01
2024-08-27,Tuesday,210,206,178,1.0,1,0,0,0,24.8,5.08
2024-08-28,Wednesday,529,462,448,4.91,1,0,0,0,23.6,2.71
2024-08-29,Thursday,589,626,557,8.27,1,0,0,0,26.5,10.48
2024-08-30,Friday,468,421,391,3.16,0,0,0,0,33.4,2.99
2024-08-31,Saturday,451,430,407,8.81,0,0,0,0,20.2,5.07
2024-09-01,Sunday,493,459,425,5.74,0,0,0,0,23.8,1.28
2024-09-02,Monday,160,157,149,2.48,0,0,0,0,33.3,2.3
2024-09-03,Tuesday,211,172,164,2.06,1,0,0,0,35.6,3.12
2024-09-04,Wednesday,375,341,333,1.53,0,0,0,0,24.1,4.12
2024-09-05,Thursday,302,298,278,2.54,0,0,0,1,23.8,2.42
2024-09-06,Friday,713,723,688,4.23,0,0,0,1,36.0,4.75
2024-09-07,Saturday,720,742,714,3.96,1,0,0,0,28.4,2.69
2024-09-08,Sunday,733,681,652,1.57,1,0,0,0,24.5,4.57
2024-09-09,Monday,724,694,639,7.96,1,0,0,0,34.2,8.69
2024-09-10,Tuesday,459,484,463,5.07,0,0,0,1,31.5,1.92
2024-09-11,Wednesday,392,391,345,8.36,0,0,0,0,32.7,3.52
2024-09-12,Thursday,642,686,620,6.79,0,0,0,0,24.8,9.67
2024-09-13,Friday,515,513,464,7.08,0,0,0,0,30.9,3.99
2024-09-14,Saturday,479,434,396,2.34,0,0,0,0,35.2,4.74
2024-09-15,Sunday,256,278,244,5.45,0,0,1,0,32.2,2.7
2024-09-16,Monday,375,370,326,1.7,0,0,0,0,33.6,3.42
2024-09-17,Tuesday,367,386,340,3.28,0,0,0,0,36.0,3.85
2024-09-18,Wednesday,655,672,628,9.43,0,0,0,0,31.1,5.3
2024-09-19,Thursday,408,394,376,2.86,0,0,0,0,26.2,3.54
2024-09-20,Friday,666,638,575,5.93,0,0,0,0,33.4,3.94
2024-09-21,Saturday,203,197,179,4.75,0,0,0,0,23.5,3.78
2024-09-22,Sunday,196,169,164,2.71,0,0,0,0,27.9,1.08
2024-09-23,Monday,670,596,569,2.15,0,0,0,0,31.9,2.34
2024-09-24,Tuesday,248,250,222,2.25,1,0,0,0,15.0,5.03
2024-09-25,Wednesday,169,200,176,5.26,1,0,0,0,30.3,6.02
2024-09-26,Thursday,722,704,650,6.01,0,0,0,0,30.5,5.81
2024-09-27,Friday,639,656,574,8.52,0,0,0,0,23.3,5.67
2024-09-28,Saturday,568,562,528,5.43,0,0,0,0,30.6,3.5
2024-09-29,Sunday,211,230,221,3.1,1,0,1,0,29.9,3.46
2024-09-30,Monday,294,280,252,4.06,1,0,1,0,29.2,3.59
2024-10-01,Tuesday,365,325,296,4.27,0,0,0,0,34.9,3.7
2024-10-02,Wednesday,152,153,140,2.56,0,0,0,0,33.4,0.5
2024-10-03,Thursday,309,320,288,3.63,0,0,1,0,32.2,3.77
2024-10-04,Friday,269,57,58,3.35,0,1,0,0,23.9,3.81
2024-10-05,Saturday,238,233,233,5.09,0,0,0,0,28.9,0.9
2024-10-06,Sunday,478,167,159,1.0,0,1,1,0,34.9,2.76
2024-10-07,Monday,729,714,669,9.27,0,0,0,0,27.9,6.65
2024-10-08,Tuesday,506,438,386,6.61,0,0,0,0,36.8,4.9
2024-10-09,Wednesday,759,754,694,6.58,1,0,0,0,32.3,7.09
2024-10-10,Thursday,416,441,369,4.65,1,0,0,0,37.5,9.37
2024-10-11,Friday,766,765,722,3.58,0,0,1,0,23.7,5.6
2024-10-12,Saturday,472,478,458,4.7,0,0,0,0,28.2,2.11
2024-10-13,Sunday,784,773,721,5.81,0,0,0,0,28.7,2.76
2024-10-14,Monday,690,614,585,1.77,0,0,0,0,32.0,3.68
2024-10-15,Tuesday,798,754,653,6.5,0,0,0,0,25.3,9.99
2024-10-16,Wednesday,344,356,319,3.2,0,0,0,0,21.0,3.53
2024-10-17,Thursday,481,146,123,2.28,1,1,0,0,30.9,3.78
2024-10-18,Friday,319,314,281,4.8,0,0,1,0,27.2,4.86
2024-10-19,Saturday,670,200,184,1.54,0,1,0,0,26.6,1.37
2024-10-20,Sunday,612,628,553,8.03,0,0,0,0,25.5,5.42
2024-10-21,Monday,189,175,154,1.0,0,0,0,0,29.6,1.17
2024-10-22,Tuesday,686,733,649,8.88,0,0,0,0,23.6,9.41
2024-10-23,Wednesday,410,408,394,8.78,1,0,1,0,28.0,2.33
2024-10-24,Thursday,544,552,512,6.1,1,0,0,0,24.9,4.53
2024-10-25,Friday,375,374,326,4.16,0,0,0,0,26.0,3.23
2024-10-26,Saturday,273,284,273,2.2,0,0,0,0,30.8,4.26
2024-10-27,Sunday,187,202,185,1.41,1,0,0,0,32.3,3.6
2024-10-28,Monday,477,150,132,5.43,0,1,0,0,27.5,2.02
2024-10-29,Tuesday,400,434,383,5.6,1,0,0,0,33.8,5.98
2024-10-30,Wednesday,325,347,319,1.0,0,0,0,1,24.1,2.99
2024-10-31,Thursday,751,696,649,2.47,0,0,1,0,21.4,6.74
2024-11-01,Friday,603,652,572,3.74,0,0,0,0,22.3,4.18
2024-11-02,Saturday,186,136,136,3.87,0,0,1,0,23.6,0.5
2024-11-03,Sunday,465,449,391,3.89,1,0,0,0,22.4,6.68
2024-11-04,Monday,742,823,716,9.89,0,0,0,0,39.1,10.35
2024-11-05,Tuesday,263,251,227,2.82,0,0,0,0,21.2,1.69
2024-11-06,Wednesday,189,164,147,4.86,0,0,0,0,33.7,1.8
2024-11-07,Thursday,450,486,459,3.52,1,0,0,0,28.9,6.91
2024-11-08,Friday,373,441,377,7.73,0,0,0,0,30.1,3.5
2024-11-09,Saturday,467,151,139,1.73,1,1,0,0,24.5,3.87
2024-11-10,Sunday,498,580,495,5.85,0,0,1,0,30.6,8.92
2024-11-11,Monday,264,247,226,2.84,0,0,0,0,24.4,0.5
2024-11-12,Tuesday,472,478,433,6.48,0,0,0,0,33.6,6.69
2024-11-13,Wednesday,717,645,617,2.09,0,0,0,0,34.0,1.87
2024-11-14,Thursday,189,147,144,1.63,0,0,0,0,28.3,0.5
2024-11-15,Friday,189,157,151,2.38,0,0,0,0,28.7,3.28
2024-11-16,Saturday,438,95,105,2.67,0,1,0,0,31.2,1.77
2024-11-17,Sunday,411,422,394,3.33,0,0,0,0,30.9,1.46
2024-11-18,Monday,365,124,112,4.2,0,1,0,1,34.1,3.9
2024-11-19,Tuesday,296,368,324,3.57,0,0,1,1,34.0,4.08
2024-11-20,Wednesday,485,500,478,5.49,1,0,0,0,28.9,1.94
2024-11-21,Thursday,317,250,250,3.86,0,0,0,0,26.6,0.5
2024-11-22,Friday,241,93,78,2.29,1,1,0,0,33.1,4.59
2024-11-23,Saturday,502,513,474,5.94,0,0,0,0,28.2,0.72
2024-11-24,Sunday,720,725,628,5.87,0,0,0,0,29.6,9.77
2024-11-25,Monday,720,225,192,4.61,0,1,0,0,31.7,2.31
2024-11-26,Tuesday,512,563,500,4.54,0,0,0,1,33.9,6.22
2024-11-27,Wednesday,706,734,645,7.96,0,0,0,0,30.3,11.12
2024-11-28,Thursday,494,503,470,4.01,0,0,0,0,26.1,3.4
2024-11-29,Friday,319,311,282,2.73,0,0,0,0,38.0,0.5
2024-11-30,Saturday,505,499,442,2.81,0,0,0,0,36.7,6.03
2024-12-01,Sunday,340,359,325,3.98,1,0,0,0,23.9,4.24
2024-12-02,Monday,571,561,495,8.28,1,0,0,0,24.4,7.99
2024-12-03,Tuesday,156,118,116,3.12,0,0,0,0,25.1,0.5
2024-12-04,Wednesday,282,263,236,1.17,0,0,0,0,33.2,4.5
2024-12-05,Thursday,706,676,640,4.06,1,0,0,0,38.2,5.13
2024-12-06,Friday,180,175,145,6.29,1,0,0,0,26.5,4.56
2024-12-07,Saturday,684,689,606,6.51,0,0,0,0,29.8,10.25
2024-12-08,Sunday,575,589,515,4.82,0,0,1,0,25.2,6.4
2024-12-09,Monday,543,581,524,8.78,1,0,0,0,37.5,5.3
2024-12-10,Tuesday,512,552,504,3.19,1,0,0,0,33.1,6.24
2024-12-11,Wednesday,586,142,137,2.37,0,1,0,0,24.9,2.16
2024-12-12,Thursday,700,671,616,4.42,0,0,0,0,18.5,3.26
2024-12-13,Friday,231,267,229,5.77,1,0,1,0,34.2,6.0
2024-12-14,Saturday,505,460,437,4.63,1,0,0,0,26.1,3.95
2024-12-15,Sunday,407,409,373,2.87,1,0,0,0,33.2,8.0
2024-12-16,Monday,738,768,669,6.69,1,0,0,0,30.5,11.04
2024-12-17,Tuesday,673,660,607,5.67,0,0,1,0,19.8,5.54
2024-12-18,Wednesday,444,485,425,6.19,1,0,1,0,25.0,6.05
2024-12-19,Thursday,373,345,332,2.8,0,0,0,0,27.2,0.5
2024-12-20,Friday,674,718,635,6.51,1,0,1,0,25.6,10.31
2024-12-21,Saturday,195,202,172,1.94,0,0,0,1,29.6,2.18
2024-12-22,Sunday,262,304,274,7.48,1,0,0,0,31.0,4.01
2024-12-23,Monday,382,373,329,6.07,0,0,0,0,37.9,4.93
2024-12-24,Tuesday,166,152,144,2.95,0,0,0,0,31.4,3.58
2024-12-25,Wednesday,509,649,552,9.59,0,0,0,1,36.5,12.0
2024-12-26,Thursday,372,362,325,4.17,0,0,0,0,26.6,6.0
2024-12-27,Friday,597,603,548,4.06,1,0,0,0,34.8,4.08
2024-12-28,Saturday,514,516,483,4.94,1,0,0,0,27.1,6.83
2024-12-29,Sunday,475,479,440,4.9,0,0,0,1,24.4,2.43
2024-12-30,Monday,616,600,549,8.33,0,0,0,0,24.2,6.95
2024-12-31,Tuesday,563,556,516,3.37,1,0,0,0,15.8,6.22
2025-01-01,Wednesday,604,606,526,5.17,1,0,0,0,33.3,8.24
2025-01-02,Thursday,735,196,181,7.11,1,1,0,0,22.5,5.49
2025-01-03,Friday,382,419,360,7.88,1,0,0,0,36.0,4.87
2025-01-04,Saturday,373,412,367,6.12,1,0,1,0,28.1,5.46
2025-01-05,Sunday,561,598,547,4.07,0,0,0,0,21.2,3.54
2025-01-06,Monday,721,650,592,6.44,1,0,0,0,23.4,9.5
2025-01-07,Tuesday,484,493,426,3.86,0,0,1,0,30.0,5.12
2025-01-08,Wednesday,371,341,323,2.57,1,0,0,0,19.6,2.14
2025-01-09,Thursday,186,185,184,1.0,1,0,1,0,31.9,1.95
2025-01-10,Friday,427,114,102,1.8,0,1,0,0,21.4,1.08
2025-01-11,Saturday,345,339,323,1.24,0,0,0,1,25.3,0.5
2025-01-12,Sunday,633,158,136,4.96,0,1,0,0,30.0,4.14
2025-01-13,Monday,391,418,366,8.58,0,0,0,0,31.3,6.15
2025-01-14,Tuesday,473,481,437,6.68,0,0,0,0,33.0,6.27
2025-01-15,Wednesday,341,314,274,6.05,1,0,0,0,22.5,8.26
2025-01-16,Thursday,166,198,186,2.55,0,0,0,0,27.5,4.13
2025-01-17,Friday,673,723,630,7.96,0,0,1,0,34.5,7.39
2025-01-18,Saturday,550,580,513,4.25,1,0,0,0,27.5,8.09
2025-01-19,Sunday,171,177,153,1.48,1,0,0,0,30.5,3.63
2025-01-20,Monday,623,633,568,3.46,0,0,0,0,29.8,1.75
2025-01-21,Tuesday,269,277,244,2.12,1,0,0,1,35.5,5.86
2025-01-22,Wednesday,359,350,338,4.4,0,0,1,0,26.7,2.54
2025-01-23,Thursday,455,549,479,7.78,0,0,0,1,22.1,8.24
2025-01-24,Friday,419,443,401,3.19,0,0,0,1,24.2,2.54
2025-01-25,Saturday,434,472,426,5.56,0,0,0,0,29.9,4.05
2025-01-26,Sunday,376,359,357,4.67,0,0,0,0,21.2,0.96
2025-01-27,Monday,530,609,533,6.41,1,0,1,0,26.3,8.27
2025-01-28,Tuesday,609,641,558,5.73,1,0,0,0,29.4,5.64
2025-01-29,Wednesday,156,50,42,2.19,0,1,0,0,25.2,2.38
2025-01-30,Thursday,178,252,218,6.95,0,0,1,1,30.6,6.56
2025-01-31,Friday,182,205,179,3.8,0,0,1,0,32.6,2.56
2025-02-01,Saturday,795,728,678,9.09,1,0,0,0,31.3,3.52
2025-02-02,Sunday,228,178,169,1.79,1,0,0,0,21.3,2.08
2025-02-03,Monday,608,523,494,3.18,0,0,0,0,29.4,2.81
2025-02-04,Tuesday,719,709,676,1.79,0,0,0,0,29.8,3.08
2025-02-05,Wednesday,687,701,660,6.69,0,0,1,0,27.1,5.02
2025-02-06,Thursday,631,708,613,7.89,0,0,0,0,30.6,12.33
2025-02-07,Friday,579,630,541,5.77,0,0,0,0,30.4,6.8
2025-02-08,Saturday,434,402,389,2.57,0,0,0,0,28.5,1.8
2025-02-09,Sunday,665,653,604,6.07,0,0,0,0,24.0,3.91
2025-02-10,Monday,248,223,205,2.0,0,0,0,0,28.9,2.83
2025-02-11,Tuesday,546,604,535,6.91,0,0,0,0,38.3,8.49
2025-02-12,Wednesday,638,632,578,7.09,0,0,0,0,27.0,4.23
2025-02-13,Thursday,188,168,158,2.27,1,0,0,0,34.2,2.54
2025-02-14,Friday,420,377,351,1.0,1,0,0,0,29.2,0.5
2025-02-15,Saturday,306,313,284,3.61,1,0,0,0,25.0,3.37
2025-02-16,Sunday,224,224,204,2.69,1,0,0,0,27.5,6.36
2025-02-17,Monday,279,277,264,1.0,0,0,0,0,28.9,0.57
2025-02-18,Tuesday,233,211,209,3.67,0,0,0,0,32.3,1.2
2025-02-19,Wednesday,171,199,166,5.44,1,0,0,0,40.9,4.05
2025-02-20,Thursday,608,602,529,6.91,0,0,0,0,29.3,7.47
2025-02-21,Friday,688,699,645,4.69,0,0,0,1,22.8,4.85
2025-02-22,Saturday,531,527,493,4.61,0,0,0,0,20.7,3.71
2025-02-23,Sunday,589,599,519,5.73,0,0,1,0,26.9,6.49
2025-02-24,Monday,753,675,655,4.83,0,0,0,0,23.4,4.47
2025-02-25,Tuesday,170,175,158,2.65,0,0,0,0,31.8,1.81
2025-02-26,Wednesday,452,517,449,5.79,1,0,1,1,31.8,6.56
2025-02-27,Thursday,233,215,185,3.85,0,0,0,0,28.3,1.76
2025-02-28,Friday,602,210,184,9.81,1,1,0,1,32.3,3.34
2025-03-01,Saturday,536,534,460,4.73,0,0,0,0,29.3,5.8
2025-03-02,Sunday,656,703,630,5.67,1,0,1,0,38.3,7.55
2025-03-03,Monday,406,399,387,1.0,0,0,0,0,32.1,3.41
2025-03-04,Tuesday,719,767,688,7.3,0,0,0,0,33.5,6.03
2025-03-05,Wednesday,676,643,582,8.97,0,0,0,0,21.8,5.57
2025-03-06,Thursday,311,347,291,5.17,0,0,0,0,23.1,4.13
2025-03-07,Friday,312,302,268,3.21,0,0,0,0,31.4,2.42
2025-03-08,Saturday,673,667,617,5.14,0,0,0,0,21.3,2.99
2025-03-09,Sunday,420,435,403,6.12,0,0,0,0,25.9,2.6
2025-03-10,Monday,641,629,590,7.13,0,0,0,0,34.9,4.53
2025-03-11,Tuesday,357,346,331,1.44,1,0,0,0,25.8,3.04
2025-03-12,Wednesday,688,668,605,7.15,1,0,0,0,23.0,9.57
2025-03-13,Thursday,733,734,649,6.99,0,0,1,0,32.3,6.28
2025-03-14,Friday,209,220,210,5.65,0,0,0,0,39.4,1.9
2025-03-15,Saturday,579,553,505,9.27,1,0,0,0,25.0,8.8
2025-03-16,Sunday,754,722,642,10.18,0,0,0,0,35.1,8.2
2025-03-17,Monday,458,438,385,3.64,0,0,0,0,24.3,1.92
2025-03-18,Tuesday,669,610,545,4.56,0,0,0,0,28.4,3.65
2025-03-19,Wednesday,740,698,651,8.13,0,0,0,0,28.7,2.73
2025-03-20,Thursday,176,226,180,4.84,0,0,0,0,25.1,2.17
2025-03-21,Friday,711,696,607,6.01,0,0,0,0,33.4,10.62
2025-03-22,Saturday,348,313,298,1.0,0,0,0,0,21.3,0.5
2025-03-23,Sunday,536,542,515,4.24,0,0,1,0,30.0,2.5
2025-03-24,Monday,498,546,483,5.22,1,0,1,0,34.4,7.27
2025-03-25,Tuesday,685,766,686,7.6,0,0,0,0,33.0,6.05
2025-03-26,Wednesday,527,552,501,5.65,0,0,0,0,31.5,3.31
2025-03-27,Thursday,707,729,684,2.79,0,0,0,0,36.9,4.99
2025-03-28,Friday,676,735,669,4.66,0,0,1,0,27.9,3.76
2025-03-29,Saturday,302,306,278,5.74,0,0,0,0,21.4,1.55
2025-03-30,Sunday,355,312,315,4.19,0,0,1,0,29.7,2.33
2025-03-31,Monday,604,574,528,4.36,0,0,0,0,28.4,2.28
2025-04-01,Tuesday,422,437,409,4.36,0,0,1,1,18.4,4.49
2025-04-02,Wednesday,385,441,379,4.04,0,0,1,0,23.4,6.95
2025-04-03,Thursday,670,232,201,4.11,0,1,0,0,22.7,5.77
2025-04-04,Friday,650,654,592,7.9,1,0,0,0,24.9,9.24
2025-04-05,Saturday,266,235,215,6.6,0,0,0,0,27.2,0.5
2025-04-06,Sunday,535,561,511,5.02,0,0,0,0,27.4,1.73
2025-04-07,Monday,493,153,149,2.15,0,1,0,1,25.1,0.5
2025-04-08,Tuesday,733,734,621,6.13,0,0,0,0,22.7,9.07
2025-04-09,Wednesday,544,504,480,2.74,1,0,0,0,30.9,2.11
2025-04-10,Thursday,213,167,160,2.76,0,0,0,0,29.6,0.5
2025-04-11,Friday,221,225,200,3.56,0,0,0,0,29.7,3.4
2025-04-12,Saturday,423,458,406,4.34,0,0,0,1,37.9,5.15
2025-04-13,Sunday,469,504,468,6.62,0,0,0,0,29.8,4.69
2025-04-14,Monday,487,153,141,3.91,0,1,1,0,27.2,2.44
2025-04-15,Tuesday,515,512,457,5.23,0,0,0,0,28.5,5.03
2025-04-16,Wednesday,644,691,636,6.76,0,0,0,0,29.5,5.35
2025-04-17,Thursday,756,746,697,5.15,1,0,0,0,32.1,4.84
2025-04-18,Friday,315,291,272,6.34,0,0,0,0,28.8,4.26
2025-04-19,Saturday,693,659,621,3.16,0,0,0,0,19.3,0.98
2025-04-20,Sunday,160,155,145,3.64,1,0,0,0,26.8,1.81
2025-04-21,Monday,450,499,456,1.04,1,0,0,1,29.0,3.93
2025-04-22,Tuesday,251,223,193,3.44,0,0,0,0,35.5,3.66
2025-04-23,Wednesday,574,561,529,4.53,0,0,0,0,25.1,1.11
2025-04-24,Thursday,541,504,471,3.74,1,0,1,0,20.8,2.97
2025-04-25,Friday,363,378,364,1.28,0,0,1,0,29.3,1.7
2025-04-26,Saturday,237,230,211,2.3,0,0,0,0,33.3,0.59
2025-04-27,Sunday,702,650,636,1.46,1,0,0,0,27.0,4.04
2025-04-28,Monday,550,545,512,4.1,0,0,0,0,40.9,4.06
2025-04-29,Tuesday,737,667,637,5.56,0,0,0,0,39.7,2.16
2025-04-30,Wednesday,195,222,191,3.58,0,0,0,0,28.6,2.62
2025-05-01,Thursday,612,669,613,8.84,0,0,0,0,29.9,9.58
2025-05-02,Friday,741,752,717,4.84,1,0,1,0,35.8,6.57
2025-05-03,Saturday,459,504,467,1.0,0,0,1,0,28.6,3.41
2025-05-04,Sunday,235,204,187,4.03,1,0,0,0,25.0,6.05
2025-05-05,Monday,241,273,248,3.78,0,0,0,1,33.4,1.19
2025-05-06,Tuesday,391,356,323,6.79,0,0,0,0,31.3,5.8
2025-05-07,Wednesday,151,148,142,2.8,0,0,0,0,25.0,1.55
2025-05-08,Thursday,374,355,319,4.02,1,0,0,0,30.4,7.29
2025-05-09,Friday,738,682,646,8.21,1,0,0,0,28.2,4.52
2025-05-10,Saturday,265,273,241,1.0,0,0,1,0,27.1,4.59
2025-05-11,Sunday,252,290,257,3.7,0,0,0,1,25.1,0.78
2025-05-12,Monday,343,378,350,4.52,0,0,0,1,29.6,1.9
2025-05-13,Tuesday,315,290,258,3.54,1,0,0,0,27.7,4.5
2025-05-14,Wednesday,239,214,207,1.0,0,0,0,0,30.4,1.62
2025-05-15,Thursday,271,261,256,3.5,0,0,0,0,33.1,0.5
2025-05-16,Friday,292,250,236,2.45,0,0,0,0,30.2,0.5
2025-05-17,Saturday,255,218,203,3.08,0,0,0,0,30.2,0.5
2025-05-18,Sunday,577,555,514,7.02,0,0,0,0,26.3,2.62
2025-05-19,Monday,454,457,400,6.18,0,0,0,0,34.9,3.52
2025-05-20,Tuesday,466,461,423,3.47,1,0,1,0,24.8,5.56
2025-05-21,Wednesday,784,774,728,5.74,0,0,0,0,20.9,6.85
2025-05-22,Thursday,158,175,155,2.84,0,0,0,1,23.6,1.25
2025-05-23,Friday,222,206,181,3.33,0,0,0,0,34.2,4.63
2025-05-24,Saturday,508,558,489,7.66,0,0,0,0,31.3,6.99
2025-05-25,Sunday,372,438,375,4.81,1,0,0,1,35.6,7.1
2025-05-26,Monday,565,556,505,6.32,0,0,1,0,22.4,5.91
2025-05-27,Tuesday,702,641,614,3.57,0,0,1,0,40.6,2.72
2025-05-28,Wednesday,519,469,435,3.46,0,0,0,0,27.6,2.19
2025-05-29,Thursday,413,396,357,3.74,0,0,0,0,20.2,5.88
2025-05-30,Friday,467,454,396,4.58,0,0,0,0,40.0,4.3
2025-05-31,Saturday,233,251,223,4.2,0,0,0,0,22.4,5.19
2025-06-01,Sunday,467,434,377,5.14,0,0,0,0,27.0,4.15
2025-06-02,Monday,260,266,253,5.68,1,0,0,0,28.0,1.38
2025-06-03,Tuesday,400,426,381,3.38,0,0,0,0,31.2,2.12
2025-06-04,Wednesday,532,562,493,7.27,0,0,0,0,25.0,4.54
2025-06-05,Thursday,156,150,139,5.16,1,0,0,0,34.2,3.23
2025-06-06,Friday,608,648,596,8.47,0,0,1,0,32.8,3.41
2025-06-07,Saturday,233,247,216,2.74,0,0,0,0,29.1,0.5
2025-06-08,Sunday,357,364,329,6.27,0,0,0,0,35.6,3.69
2025-06-09,Monday,539,157,131,4.3,0,1,0,0,28.7,3.49
2025-06-10,Tuesday,463,535,472,7.86,0,0,0,1,27.6,6.67
2025-06-11,Wednesday,171,156,151,1.61,0,0,0,0,39.0,0.67
2025-06-12,Thursday,559,528,480,4.93,1,0,0,0,30.5,8.56
2025-06-13,Friday,664,701,652,4.54,0,0,1,0,24.1,5.02
2025-06-14,Saturday,276,299,262,3.72,0,0,0,0,24.7,0.5
2025-06-15,Sunday,163,155,144,3.18,0,0,0,0,29.1,1.93
2025-06-16,Monday,161,145,133,7.65,0,0,0,0,17.0,2.36
2025-06-17,Tuesday,236,214,192,4.91,0,0,0,0,25.8,3.74
2025-06-18,Wednesday,673,687,648,4.01,0,0,0,0,28.5,1.57
2025-06-19,Thursday,686,634,603,3.68,0,0,1,0,28.2,4.63
2025-06-20,Friday,450,405,378,5.0,1,0,0,0,22.7,4.82
2025-06-21,Saturday,392,98,92,2.49,0,1,0,0,26.8,2.14
2025-06-22,Sunday,271,277,266,2.78,1,0,0,0,34.9,4.29
2025-06-23,Monday,296,307,301,1.0,1,0,0,1,33.9,3.8
2025-06-24,Tuesday,716,248,206,4.73,0,1,1,0,29.5,6.23
2025-06-25,Wednesday,505,498,441,1.09,1,0,1,0,28.7,2.59
2025-06-26,Thursday,780,233,217,1.0,1,1,0,0,28.2,1.52
2025-06-27,Friday,458,501,437,5.39,0,0,0,1,30.2,4.6
2025-06-28,Saturday,437,545,460,8.36,1,0,0,1,29.5,7.76
2025-06-29,Sunday,456,462,434,6.94,0,0,0,1,30.6,2.67
2025-06-30,Monday,743,717,644,7.24,0,0,1,0,31.5,5.55
2025-07-01,Tuesday,698,685,658,4.95,1,0,0,0,22.9,3.69
2025-07-02,Wednesday,501,110,110,2.7,0,1,0,0,27.4,1.5
2025-07-03,Thursday,461,438,410,5.55,0,0,0,0,30.0,5.01
2025-07-04,Friday,208,242,216,4.31,0,0,1,0,24.2,5.1
2025-07-05,Saturday,792,783,682,8.73,1,0,0,0,25.6,11.33
2025-07-06,Sunday,184,162,145,1.0,1,0,0,0,27.9,5.02
2025-07-07,Monday,594,543,515,4.51,0,0,0,0,28.2,2.05
2025-07-08,Tuesday,242,212,207,2.82,1,0,1,0,30.1,1.51
2025-07-09,Wednesday,356,327,287,3.95,0,0,0,0,24.8,3.41
2025-07-10,Thursday,502,476,455,3.04,0,0,0,0,33.8,1.47
2025-07-11,Friday,481,464,428,2.08,0,0,0,0,28.1,3.97
2025-07-12,Saturday,308,297,275,4.68,1,0,0,0,29.7,3.92
2025-07-13,Sunday,173,145,128,3.86,0,0,0,0,27.2,4.09
2025-07-14,Monday,553,518,502,3.5,0,0,1,0,30.2,2.12
2025-07-15,Tuesday,665,645,576,6.71,1,0,0,0,37.4,7.23
2025-07-16,Wednesday,513,490,474,1.14,1,0,0,0,27.1,2.28
2025-07-17,Thursday,531,511,470,7.93,0,0,0,0,26.3,3.42
2025-07-18,Friday,681,701,629,8.16,0,0,0,0,24.8,7.05
2025-07-19,Saturday,301,377,327,6.37,1,0,1,1,28.7,6.63
2025-07-20,Sunday,711,757,685,9.13,1,0,0,0,28.6,8.17
2025-07-21,Monday,757,771,721,5.63,0,0,0,0,29.3,5.63
2025-07-22,Tuesday,766,694,657,4.03,1,0,0,0,31.3,6.06
2025-07-23,Wednesday,569,581,535,5.52,1,0,0,0,30.7,7.78
2025-07-24,Thursday,399,385,368,6.18,1,0,0,0,28.9,4.37
2025-07-25,Friday,266,292,262,2.54,1,0,0,0,38.8,3.06
2025-07-26,Saturday,661,626,553,9.24,0,0,0,0,32.5,6.58
2025-07-27,Sunday,727,840,727,6.28,0,0,0,1,23.6,8.69
2025-07-28,Monday,484,479,433,5.99,0,0,0,1,21.3,3.6
2025-07-29,Tuesday,567,538,488,7.07,0,0,0,0,25.5,5.79
2025-07-30,Wednesday,444,469,439,5.31,1,0,1,0,29.8,4.34
2025-07-31,Thursday,520,582,565,5.32,1,0,0,1,25.1,4.22
2025-08-01,Friday,335,329,299,3.92,0,0,0,0,25.9,3.08
2025-08-02,Saturday,395,406,364,2.52,0,0,0,0,29.1,3.65
2025-08-03,Sunday,786,706,639,8.08,0,0,0,0,27.3,6.58
2025-08-04,Monday,417,382,355,7.31,0,0,0,0,18.8,6.85
2025-08-05,Tuesday,792,835,737,7.59,0,0,0,0,34.4,9.58
2025-08-06,Wednesday,386,131,115,4.61,0,1,0,0,33.2,1.9
2025-08-07,Thursday,679,789,688,6.57,0,0,1,0,22.6,8.12
2025-08-08,Friday,701,727,667,4.18,0,0,0,1,29.3,5.56
2025-08-09,Saturday,170,53,47,3.02,0,1,0,0,23.4,0.5
2025-08-10,Sunday,669,646,605,3.45,1,0,0,0,26.0,1.59
2025-08-11,Monday,249,72,61,3.28,0,1,0,0,31.4,2.51
2025-08-12,Tuesday,627,691,610,12.41,0,0,0,0,33.1,7.91
2025-08-13,Wednesday,748,744,646,6.62,0,0,0,0,32.9,7.79
2025-08-14,Thursday,447,403,377,4.54,0,0,0,0,30.2,1.79
2025-08-15,Friday,675,682,652,1.0,1,0,1,0,35.4,3.54
2025-08-16,Saturday,483,430,409,4.6,0,0,0,0,25.9,1.81
2025-08-17,Sunday,151,167,158,1.73,1,0,0,0,27.1,2.96
2025-08-18,Monday,524,482,447,4.95,0,0,1,0,16.0,3.9
2025-08-19,Tuesday,442,398,361,5.01,0,0,0,0,28.5,5.31
2025-08-20,Wednesday,702,744,666,7.04,0,0,0,0,31.9,7.83
2025-08-21,Thursday,467,511,477,2.66,1,0,1,0,30.4,5.66
2025-08-22,Friday,651,216,189,3.47,0,1,0,0,25.9,2.49
2025-08-23,Saturday,530,569,522,5.51,1,0,1,0,33.2,5.95
2025-08-24,Sunday,772,857,755,7.67,0,0,0,0,28.6,6.33
2025-08-25,Monday,163,177,173,5.25,0,0,0,1,32.8,0.56
2025-08-26,Tuesday,653,577,547,4.22,1,0,1,0,31.4,0.5
2025-08-27,Wednesday,380,381,328,3.63,1,0,0,0,36.1,4.88
2025-08-28,Thursday,233,229,188,5.53,0,0,0,0,30.7,2.73
2025-08-29,Friday,279,268,238,1.0,0,0,0,0,32.0,3.19
2025-08-30,Saturday,294,317,296,7.19,0,0,1,0,28.6,1.65
2025-08-31,Sunday,177,176,154,1.0,0,0,1,0,26.5,1.8
2025-09-01,Monday,215,226,213,4.83,1,0,0,0,31.5,2.82
2025-09-02,Tuesday,312,268,257,4.44,0,0,0,0,36.5,1.1
2025-09-03,Wednesday,378,385,357,2.01,0,0,1,0,25.9,0.99
2025-09-04,Thursday,410,422,381,5.76,1,0,0,0,27.8,6.49
2025-09-05,Friday,598,575,525,4.01,1,0,0,0,29.1,6.11
2025-09-06,Saturday,573,532,482,4.95,0,0,0,0,32.4,2.68
2025-09-07,Sunday,609,556,521,5.27,1,0,0,0,30.7,5.72
2025-09-08,Monday,450,448,421,3.9,0,0,0,0,33.6,3.27
2025-09-09,Tuesday,452,446,411,2.62,0,0,0,0,38.9,5.04
2025-09-10,Wednesday,436,395,371,4.56,1,0,0,0,25.8,3.35
2025-09-11,Thursday,544,637,556,6.58,0,0,1,0,32.0,6.81
2025-09-12,Friday,159,179,160,3.35,0,0,0,0,30.6,0.5
2025-09-13,Saturday,779,871,760,8.51,0,0,0,1,29.1,9.51
2025-09-14,Sunday,419,380,365,1.0,1,0,0,0,32.0,1.06
2025-09-15,Monday,741,823,771,3.34,0,0,0,1,27.7,6.71
2025-09-16,Tuesday,754,791,718,5.45,0,0,0,0,30.6,7.76
2025-09-17,Wednesday,510,517,462,6.26,0,0,0,1,22.5,3.89
2025-09-18,Thursday,406,397,346,3.63,0,0,0,0,26.3,2.11
2025-09-19,Friday,282,333,286,7.23,0,0,1,0,34.2,4.04
2025-09-20,Saturday,425,480,417,6.33,1,0,0,0,34.0,9.51
2025-09-21,Sunday,662,633,613,4.26,0,0,0,0,30.3,1.55
2025-09-22,Monday,462,421,402,2.95,0,0,0,0,26.7,1.91
2025-09-23,Tuesday,725,777,681,4.91,0,0,1,0,33.1,11.2
2025-09-24,Wednesday,433,433,380,6.37,0,0,0,0,35.2,5.46
2025-09-25,Thursday,270,225,213,1.86,1,0,0,0,26.9,0.68
2025-09-26,Friday,256,233,231,1.0,0,0,0,0,21.7,0.5
2025-09-27,Saturday,353,309,294,1.82,0,0,0,0,31.2,1.49
2025-09-28,Sunday,314,333,300,4.17,0,0,0,0,33.6,6.21
2025-09-29,Monday,454,425,404,1.0,0,0,0,0,31.9,3.94
2025-09-30,Tuesday,646,707,644,5.36,0,0,1,0,36.8,6.86
2025-10-01,Wednesday,781,816,769,6.9,1,0,1,0,36.8,7.0
2025-10-02,Thursday,705,838,734,8.28,0,0,0,1,27.5,9.81
2025-10-03,Friday,305,343,319,5.98,1,0,1,0,30.0,2.27
2025-10-04,Saturday,516,500,439,5.13,0,0,0,0,26.5,5.73
2025-10-05,Sunday,769,740,670,8.43,0,0,0,0,23.9,8.55
2025-10-06,Monday,400,345,334,1.0,0,0,0,0,24.2,4.11
2025-10-07,Tuesday,483,410,381,5.17,1,0,0,0,32.6,5.49
2025-10-08,Wednesday,791,273,252,3.46,0,1,1,0,30.5,1.41
2025-10-09,Thursday,660,617,546,8.84,0,0,0,0,33.4,7.31
2025-10-10,Friday,442,413,377,3.74,0,0,0,0,41.7,3.75
2025-10-11,Saturday,169,159,146,1.32,1,0,0,0,31.5,3.85
2025-10-12,Sunday,431,418,393,4.79,0,0,0,0,25.1,2.96
2025-10-13,Monday,150,168,153,6.29,0,0,0,0,34.2,5.12
2025-10-14,Tuesday,268,259,234,4.3,1,0,0,0,25.0,4.72
2025-10-15,Wednesday,184,188,170,3.41,1,0,0,0,37.7,3.65
2025-10-16,Thursday,347,328,308,1.41,0,0,1,0,19.1,1.58
2025-10-17,Friday,634,694,612,8.71,0,0,0,0,26.3,8.64
2025-10-18,Saturday,208,164,157,2.79,0,0,0,0,32.1,1.47
2025-10-19,Sunday,310,300,261,5.91,0,0,1,0,34.9,4.08
2025-10-20,Monday,355,343,323,3.96,1,0,0,0,25.6,4.94
2025-10-21,Tuesday,161,136,139,6.01,0,0,0,0,24.7,0.5
2025-10-22,Wednesday,639,609,577,3.26,1,0,0,0,29.7,4.29
2025-10-23,Thursday,425,424,378,4.09,0,0,0,0,38.5,4.76
2025-10-24,Friday,391,410,362,6.96,0,0,0,0,21.3,5.38
2025-10-25,Saturday,365,99,81,5.36,0,1,0,0,27.4,1.46
2025-10-26,Sunday,400,367,327,6.63,1,0,0,0,30.3,6.19
2025-10-27,Monday,275,265,244,3.63,0,0,0,0,25.0,2.34
2025-10-28,Tuesday,366,338,306,4.63,0,0,0,0,25.0,4.18
2025-10-29,Wednesday,455,375,366,1.0,0,0,0,0,27.8,1.61
2025-10-30,Thursday,334,352,303,4.91,1,0,0,0,30.5,6.66
2025-10-31,Friday,188,177,161,3.88,1,0,0,0,28.0,3.31
2025-11-01,Saturday,372,386,340,5.53,0,0,0,0,36.3,5.29
2025-11-02,Sunday,333,332,310,2.35,0,0,0,0,32.0,2.24
2025-11-03,Monday,644,699,640,3.77,1,0,0,0,30.9,8.55
2025-11-04,Tuesday,576,602,563,6.52,1,0,1,0,34.1,10.1
2025-11-05,Wednesday,327,331,282,6.79,0,0,0,0,31.0,2.73
2025-11-06,Thursday,577,568,512,5.16,0,0,0,0,26.8,0.88
2025-11-07,Friday,443,389,378,4.96,0,0,0,0,27.7,1.03
2025-11-08,Saturday,300,291,258,6.01,0,0,1,0,23.4,1.92
2025-11-09,Sunday,533,487,442,1.95,1,0,0,0,39.0,5.78
2025-11-10,Monday,787,750,658,7.37,0,0,0,0,33.7,10.47
2025-11-11,Tuesday,457,456,430,6.34,0,0,1,0,16.2,4.1
2025-11-12,Wednesday,485,480,466,1.0,0,0,0,0,35.7,0.79
2025-11-13,Thursday,524,497,476,1.04,1,0,0,0,21.7,4.49
2025-11-14,Friday,157,139,138,3.68,0,0,0,0,31.6,2.62
2025-11-15,Saturday,490,504,447,7.96,0,0,0,0,18.0,6.47
2025-11-16,Sunday,278,278,246,3.76,0,0,0,0,26.9,3.77
2025-11-17,Monday,501,531,474,4.79,0,0,0,0,35.7,5.0
2025-11-18,Tuesday,507,118,113,1.0,0,1,0,0,36.0,0.5
2025-11-19,Wednesday,666,633,599,3.83,1,0,0,0,30.5,6.21
2025-11-20,Thursday,644,662,581,4.31,0,0,0,0,32.9,7.89
2025-11-21,Friday,235,82,59,3.13,0,1,0,0,21.9,0.91
2025-11-22,Saturday,324,293,271,6.07,0,0,0,0,31.7,3.95
2025-11-23,Sunday,342,306,302,1.0,0,0,1,0,33.3,0.5
2025-11-24,Monday,460,464,409,5.07,0,0,0,0,41.8,4.98
2025-11-25,Tuesday,268,264,245,5.09,0,0,1,0,25.9,0.5
2025-11-26,Wednesday,367,352,318,2.97,0,0,0,0,29.1,3.8
2025-11-27,Thursday,576,519,493,4.66,0,0,0,0,29.4,3.05
2025-11-28,Friday,563,595,541,6.93,1,0,0,0,32.5,7.56
2025-11-29,Saturday,263,58,54,2.86,0,1,0,0,33.4,2.78
2025-11-30,Sunday,294,270,250,3.78,0,0,0,0,34.3,2.62
2025-12-01,Monday,687,675,619,3.6,0,0,0,0,33.9,5.09
2025-12-02,Tuesday,797,811,771,3.98,1,0,1,0,21.6,4.72
2025-12-03,Wednesday,452,444,398,5.32,0,0,0,0,15.9,4.99
2025-12-04,Thursday,737,754,664,4.03,1,0,0,0,26.4,8.25
2025-12-05,Friday,494,528,498,1.0,0,0,0,0,28.8,2.83
2025-12-06,Saturday,150,152,132,3.32,1,0,1,0,25.9,3.53
2025-12-07,Sunday,296,261,244,4.12,0,0,0,0,26.7,2.88
2025-12-08,Monday,436,450,412,4.75,0,0,0,0,27.3,2.77
2025-12-09,Tuesday,202,199,163,1.56,0,0,0,0,31.9,2.13
2025-12-10,Wednesday,453,418,395,5.75,0,0,0,0,23.8,2.52
2025-12-11,Thursday,218,198,169,4.28,1,0,0,0,28.6,2.76
2025-12-12,Friday,510,506,456,7.0,0,0,0,0,28.6,6.12
2025-12-13,Saturday,751,663,638,2.73,1,0,0,0,31.8,3.85
2025-12-14,Sunday,369,123,106,3.91,0,1,0,0,34.8,0.9
2025-12-15,Monday,724,684,643,5.69,0,0,0,0,37.4,3.05
2025-12-16,Tuesday,734,677,654,5.57,0,0,0,0,25.3,1.68
2025-12-17,Wednesday,310,286,271,4.98,0,0,1,0,19.0,2.58
2025-12-18,Thursday,238,243,215,2.6,1,0,0,0,27.8,3.26
2025-12-19,Friday,734,785,691,7.46,0,0,0,0,21.1,8.14
2025-12-20,Saturday,738,652,622,3.21,0,0,0,0,42.0,1.11
2025-12-21,Sunday,308,320,284,4.74,1,0,0,0,24.6,5.81
2025-12-22,Monday,638,628,566,3.32,0,0,1,0,31.8,5.22
2025-12-23,Tuesday,473,506,450,2.72,0,0,0,0,33.7,4.48
2025-12-24,Wednesday,759,776,733,9.16,0,0,0,0,30.7,4.92
2025-12-25,Thursday,530,488,437,8.79,0,0,0,0,39.4,5.11
2025-12-26,Friday,251,301,260,6.85,0,0,0,0,28.0,6.34
2025-12-27,Saturday,643,664,610,6.34,0,0,0,1,24.8,5.57
2025-12-28,Sunday,793,780,673,9.78,0,0,0,0,24.6,12.31
2025-12-29,Monday,763,827,767,7.2,1,0,1,0,32.8,7.54
2025-12-30,Tuesday,168,168,146,6.69,0,0,0,0,28.1,0.8
2025-12-31,Wednesday,603,634,551,6.18,1,0,0,1,24.6,8.77
2026-01-01,Thursday,631,610,525,5.81,0,0,0,0,31.2,7.95
2026-01-02,Friday,743,748,694,5.44,0,0,0,0,32.5,4.5
2026-01-03,Saturday,546,482,455,5.06,0,0,0,0,30.4,3.1
2026-01-04,Sunday,428,129,114,2.87,0,1,0,0,33.5,2.79
2026-01-05,Monday,514,575,499,5.69,0,0,1,0,29.4,7.06
2026-01-06,Tuesday,480,167,139,6.63,1,1,0,0,26.0,5.01
2026-01-07,Wednesday,790,789,697,6.05,1,0,0,0,33.1,7.36
2026-01-08,Thursday,493,492,447,7.62,0,0,0,0,24.5,5.5
2026-01-09,Friday,604,589,555,6.1,0,0,0,0,23.4,3.89
2026-01-10,Saturday,750,798,690,11.88,0,0,0,0,34.8,8.95
2026-01-11,Sunday,214,87,71,7.31,0,1,0,0,27.3,3.82
2026-01-12,Monday,225,228,205,4.43,0,0,0,0,37.3,3.02
2026-01-13,Tuesday,292,319,289,7.89,1,0,0,1,33.3,5.49
2026-01-14,Wednesday,754,811,745,7.04,0,0,1,1,26.9,6.08
2026-01-15,Thursday,622,199,171,4.75,1,1,1,0,31.4,2.65
2026-01-16,Friday,566,642,562,7.25,0,0,0,1,41.6,6.95
2026-01-17,Saturday,454,466,419,4.3,0,0,0,0,32.8,3.72
2026-01-18,Sunday,646,585,523,7.28,0,0,0,0,31.9,7.19
2026-01-19,Monday,440,432,416,5.45,0,0,0,0,26.0,2.06
2026-01-20,Tuesday,251,280,250,1.63,0,0,0,1,38.2,4.78
2026-01-21,Wednesday,416,408,373,9.03,0,0,0,0,35.6,5.1
2026-01-22,Thursday,771,756,718,7.51,1,0,0,0,26.1,4.74
2026-01-23,Friday,152,172,152,2.55,1,0,0,0,38.4,1.62
2026-01-24,Saturday,234,222,200,4.72,0,0,0,0,29.8,2.19
2026-01-25,Sunday,477,163,148,3.25,1,1,0,0,24.8,4.38
2026-01-26,Monday,599,531,476,6.12,0,0,0,0,26.0,3.02
2026-01-27,Tuesday,603,631,585,4.79,1,0,0,0,33.4,6.27
2026-01-28,Wednesday,778,705,650,6.47,0,0,0,0,24.8,4.11
2026-01-29,Thursday,370,336,309,2.06,0,0,0,0,23.5,2.89
2026-01-30,Friday,303,302,276,7.87,0,0,1,0,26.8,6.71
2026-01-31,Saturday,161,169,157,1.37,0,0,0,0,27.6,0.5
2026-02-01,Sunday,282,300,271,5.09,0,0,0,0,25.6,4.47
2026-02-02,Monday,453,469,400,5.07,0,0,0,0,26.7,7.52
2026-02-03,Tuesday,442,464,415,4.91,0,0,1,0,33.6,4.36
2026-02-04,Wednesday,449,150,137,4.05,0,1,0,0,30.3,2.81
2026-02-05,Thursday,192,207,192,3.5,0,0,0,0,26.4,3.06
2026-02-06,Friday,492,547,482,6.31,0,0,1,0,26.9,6.6
2026-02-07,Saturday,475,519,439,6.24,0,0,0,0,28.3,2.96
2026-02-08,Sunday,647,569,551,2.25,0,0,1,0,28.6,2.14
2026-02-09,Monday,513,499,456,6.06,1,0,1,0,28.6,7.43
2026-02-10,Tuesday,576,592,513,5.31,0,0,1,0,33.4,6.72
2026-02-11,Wednesday,170,148,147,1.39,0,0,0,0,30.0,1.66
2026-02-12,Thursday,556,565,497,5.09,0,0,0,0,30.1,7.39
2026-02-13,Friday,768,732,698,3.77,0,0,0,1,36.1,5.0
2026-02-14,Saturday,485,489,447,2.25,0,0,0,0,38.4,5.5
2026-02-15,Sunday,266,291,249,2.28,0,0,0,1,22.8,6.97
2026-02-16,Monday,273,284,252,5.24,0,0,0,0,21.1,5.28
2026-02-17,Tuesday,548,589,514,7.62,1,0,0,0,27.3,8.66
2026-02-18,Wednesday,200,215,196,4.1,0,0,0,0,32.9,3.2
2026-02-19,Thursday,473,461,398,8.44,1,0,0,0,30.9,6.88
2026-02-20,Friday,290,285,264,2.07,0,0,0,0,34.3,1.44
2026-02-21,Saturday,619,534,512,1.0,0,0,0,0,27.0,0.5
2026-02-22,Sunday,483,145,127,4.9,0,1,0,0,19.2,2.89
2026-02-23,Monday,522,488,431,2.49,0,0,0,0,22.2,5.69
2026-02-24,Tuesday,713,879,764,8.58,0,0,0,1,31.8,8.96
2026-02-25,Wednesday,643,625,576,5.7,0,0,0,0,34.3,5.51
2026-02-26,Thursday,688,714,648,9.84,0,0,0,0,19.5,5.2
2026-02-27,Friday,305,379,329,4.27,1,0,0,1,36.1,6.18
2026-02-28,Saturday,440,448,410,3.74,1,0,0,0,31.3,4.4
2026-03-01,Sunday,797,817,748,7.48,0,0,0,0,28.6,5.72
2026-03-02,Monday,293,301,257,6.0,1,0,1,0,25.9,8.8
2026-03-03,Tuesday,255,238,220,2.87,0,0,0,0,37.0,1.22
2026-03-04,Wednesday,569,513,492,3.99,0,0,0,0,33.5,2.02
2026-03-05,Thursday,151,50,44,1.5,0,1,0,0,31.5,1.4
2026-03-06,Friday,738,772,660,9.46,0,0,0,0,25.3,6.29
2026-03-07,Saturday,793,803,763,1.83,0,0,0,0,37.1,5.08
2026-03-08,Sunday,239,229,213,8.61,1,0,0,0,29.2,3.38
2026-03-09,Monday,494,533,467,7.43,0,0,0,0,30.5,7.44
2026-03-10,Tuesday,499,536,499,2.55,0,0,0,1,29.4,1.8
2026-03-11,Wednesday,608,603,524,6.36,1,0,0,0,25.2,10.03
2026-03-12,Thursday,412,438,376,4.01,0,0,0,0,30.6,7.08
2026-03-13,Friday,500,502,442,4.33,0,0,0,0,32.5,5.11
2026-03-14,Saturday,257,258,224,4.75,0,0,1,0,26.8,2.11
2026-03-15,Sunday,735,713,664,7.7,0,0,0,0,30.2,4.42
2026-03-16,Monday,188,148,129,3.36,0,0,0,0,29.3,0.5
2026-03-17,Tuesday,308,272,253,1.0,0,0,0,0,33.6,0.89
2026-03-18,Wednesday,732,711,650,4.75,0,0,0,0,27.5,2.34
2026-03-19,Thursday,461,469,420,4.21,1,0,0,0,30.1,6.49
2026-03-20,Friday,390,116,97,3.71,1,1,0,1,31.2,3.97
2026-03-21,Saturday,594,645,549,7.53,0,0,0,1,27.4,8.74
2026-03-22,Sunday,447,413,367,1.07,0,0,0,0,24.9,1.48
2026-03-23,Monday,185,183,167,1.72,0,0,1,0,25.7,0.88
2026-03-24,Tuesday,233,68,61,1.0,1,1,0,0,31.0,3.99
2026-03-25,Wednesday,601,608,572,6.1,0,0,1,0,27.8,4.56
2026-03-26,Thursday,534,528,499,3.58,0,0,0,0,27.8,0.5
2026-03-27,Friday,321,277,252,1.0,1,0,0,0,32.0,4.38
2026-03-28,Saturday,525,448,432,1.82,1,0,0,0,34.1,1.43
2026-03-29,Sunday,511,511,460,7.42,0,0,0,0,35.0,3.26
2026-03-30,Monday,708,772,666,7.25,0,0,1,0,25.9,8.19
2026-03-31,Tuesday,290,303,263,3.48,0,0,0,0,33.6,6.57
2026-04-01,Wednesday,267,277,255,3.4,0,0,0,0,39.4,1.77
2026-04-02,Thursday,426,445,391,5.88,0,0,0,0,29.6,5.41
2026-04-03,Friday,369,341,314,3.73,0,0,0,0,28.6,3.87
2026-04-04,Saturday,175,209,173,6.32,0,0,0,0,27.6,2.39
2026-04-05,Sunday,670,633,557,6.42,0,0,0,0,23.7,6.16
2026-04-06,Monday,159,50,46,3.93,0,1,0,0,33.2,0.85
2026-04-07,Tuesday,527,564,509,5.88,0,0,1,0,28.7,5.59
2026-04-08,Wednesday,782,804,726,4.46,0,0,0,0,28.3,8.01
2026-04-09,Thursday,786,745,657,10.55,1,0,0,0,32.4,10.25
2026-04-10,Friday,733,708,619,9.48,0,0,0,0,32.9,8.31
2026-04-11,Saturday,301,71,71,1.48,0,1,0,1,26.0,4.32
2026-04-12,Sunday,198,178,163,3.12,0,0,0,0,26.1,1.96
2026-04-13,Monday,303,284,255,5.2,0,0,0,0,25.9,3.88
2026-04-14,Tuesday,442,458,413,5.3,0,0,0,1,39.6,4.5
2026-04-15,Wednesday,729,749,650,8.14,1,0,0,0,36.4,9.72
2026-04-16,Thursday,199,236,206,5.06,0,0,1,0,32.5,1.9
2026-04-17,Friday,680,630,576,6.11,1,0,0,0,27.1,4.54
2026-04-18,Saturday,761,730,696,5.01,0,0,0,0,27.7,1.86
2026-04-19,Sunday,209,200,191,3.16,0,0,1,0,30.8,0.55
2026-04-20,Monday,316,363,319,6.07,1,0,1,0,40.0,4.87
2026-04-21,Tuesday,351,349,307,5.19,0,0,0,0,30.4,3.59
2026-04-22,Wednesday,295,299,268,4.63,0,0,0,0,31.5,4.01
2026-04-23,Thursday,588,630,544,9.7,0,0,0,0,16.3,9.57
2026-04-24,Friday,391,392,356,5.26,0,0,1,0,30.3,5.56
2026-04-25,Saturday,730,747,655,8.15,1,0,1,0,22.0,10.47
2026-04-26,Sunday,710,199,181,1.89,1,1,0,0,26.6,3.15
2026-04-27,Monday,632,615,536,5.34,1,0,0,0,29.2,9.69
2026-04-28,Tuesday,257,246,224,5.77,0,0,0,0,27.5,1.89
2026-04-29,Wednesday,375,354,317,5.56,0,0,0,0,25.8,4.07
2026-04-30,Thursday,780,777,731,6.68,0,0,0,0,25.9,4.82
2026-05-01,Friday,581,558,520,4.95,1,0,0,0,27.9,3.02
2026-05-02,Saturday,568,541,495,5.75,0,0,1,0,27.7,3.84
2026-05-03,Sunday,604,563,547,3.12,0,0,0,0,29.1,2.42
2026-05-04,Monday,309,94,83,3.06,1,1,0,0,28.7,3.67
2026-05-05,Tuesday,672,689,589,7.25,0,0,0,0,35.4,12.08
2026-05-06,Wednesday,799,725,685,7.1,0,0,0,0,18.8,3.7
2026-05-07,Thursday,739,844,743,6.77,1,0,0,1,30.2,8.25
2026-05-08,Friday,226,216,189,4.54,0,0,0,0,29.4,2.89
2026-05-09,Saturday,658,661,615,4.75,0,0,0,0,28.3,4.3
2026-05-10,Sunday,590,544,519,5.59,0,0,1,0,25.5,0.5
2026-05-11,Monday,403,129,134,2.63,0,1,0,0,28.3,2.46
2026-05-12,Tuesday,469,512,452,6.63,1,0,0,0,20.8,8.52
2026-05-13,Wednesday,412,409,392,3.81,0,0,0,1,30.0,3.22
2026-05-14,Thursday,746,754,718,2.69,0,0,0,0,30.9,3.86
2026-05-15,Friday,703,664,618,6.02,0,0,0,0,25.5,4.68
2026-05-16,Saturday,523,496,455,4.58,1,0,0,0,38.7,5.28
2026-05-17,Sunday,786,734,662,5.09,0,0,0,0,28.4,6.57
2026-05-18,Monday,316,273,260,1.0,0,0,0,0,29.2,0.5
2026-05-19,Tuesday,608,633,567,4.66,0,0,0,0,35.7,8.38
2026-05-20,Wednesday,429,404,370,5.75,0,0,0,0,39.7,5.17
2026-05-21,Thursday,451,445,418,7.16,0,0,1,0,23.4,4.15
2026-05-22,Friday,680,632,584,5.35,0,0,1,0,26.1,4.3
2026-05-23,Saturday,729,712,644,4.45,0,0,0,0,28.5,6.36
2026-05-24,Sunday,367,355,323,5.01,0,0,0,0,25.3,3.36
2026-05-25,Monday,251,265,256,4.93,1,0,1,0,33.2,2.61
2026-05-26,Tuesday,703,764,678,10.69,0,0,0,0,24.7,8.04
2026-05-27,Wednesday,437,424,396,6.32,0,0,0,1,35.3,4.08
2026-05-28,Thursday,316,301,281,4.0,0,0,1,0,32.1,1.3
2026-05-29,Friday,770,701,655,6.07,1,0,0,0,34.8,5.24
2026-05-30,Saturday,185,234,208,2.63,1,0,1,1,24.8,5.45
2026-05-31,Sunday,502,449,430,4.98,0,0,1,0,27.1,0.5
2026-06-01,Monday,222,216,186,5.83,1,0,0,0,33.5,6.53
2026-06-02,Tuesday,797,268,243,1.0,0,1,0,0,32.6,2.66
2026-06-03,Wednesday,502,137,131,3.09,0,1,0,0,27.6,1.29
2026-06-04,Thursday,219,201,175,6.61,0,0,0,0,28.3,2.37
2026-06-05,Friday,574,569,536,3.11,1,0,0,0,26.8,4.48
2026-06-06,Saturday,710,648,593,1.7,0,0,0,0,28.1,6.37
2026-06-07,Sunday,791,751,694,5.59,1,0,0,0,24.2,7.17
2026-06-08,Monday,666,614,590,5.76,0,0,0,0,23.3,2.0
2026-06-09,Tuesday,577,630,549,7.68,0,0,0,1,34.0,8.24
2026-06-10,Wednesday,688,649,562,7.33,0,0,0,0,28.0,8.71
2026-06-11,Thursday,309,303,300,1.0,1,0,0,0,34.8,2.7
2026-06-12,Friday,298,270,257,1.24,0,0,0,0,32.0,1.75
2026-06-13,Saturday,379,393,376,3.76,0,0,1,0,30.6,0.5
2026-06-14,Sunday,711,686,615,6.3,0,0,1,0,25.4,7.56
2026-06-15,Monday,216,184,171,4.75,1,0,0,0,22.9,0.94
2026-06-16,Tuesday,530,509,463,5.82,0,0,1,0,26.7,4.49
2026-06-17,Wednesday,207,175,159,2.04,0,0,0,0,36.7,0.5
2026-06-18,Thursday,408,384,359,4.34,0,0,0,0,33.4,0.5
2026-06-19,Friday,491,139,126,3.38,1,1,0,0,26.2,4.32
2026-06-20,Saturday,279,279,254,1.0,1,0,0,0,26.8,5.02
2026-06-21,Sunday,321,293,279,2.52,1,0,1,0,24.4,2.82
2026-06-22,Monday,763,830,743,7.39,0,0,0,0,21.3,10.78
2026-06-23,Tuesday,358,385,347,4.39,0,0,0,1,29.5,3.74
